﻿<?xml version="1.0" encoding="utf-8"?>
<abapGit version="v1.0.0" serializer="LCL_OBJECT_CLAS" serializer_version="v1.0.0">
 <asx:abap xmlns:asx="http://www.sap.com/abapxml" version="1.0">
  <asx:values>
   <VSEOCLASS>
    <CLSNAME>ZCL_TYPE_DEFINITION_CLUSTER</CLSNAME>
    <VERSION>1</VERSION>
    <LANGU>F</LANGU>
    <DESCRIPT>Définition de Type - Gestion Cluster</DESCRIPT>
    <EXPOSURE>2</EXPOSURE>
    <STATE>1</STATE>
    <CLSFINAL>X</CLSFINAL>
    <CLSCCINCL>X</CLSCCINCL>
    <FIXPT>X</FIXPT>
    <UNICODE>X</UNICODE>
   </VSEOCLASS>
   <TPOOL/>
   <DESCRIPTIONS>
    <SEOCOMPOTX>
     <CLSNAME>ZCL_TYPE_DEFINITION_CLUSTER</CLSNAME>
     <CMPNAME>DEFINITION_ADD</CMPNAME>
     <LANGU>F</LANGU>
     <DESCRIPT>Cluster - Définition Type - Ajout</DESCRIPT>
    </SEOCOMPOTX>
    <SEOCOMPOTX>
     <CLSNAME>ZCL_TYPE_DEFINITION_CLUSTER</CLSNAME>
     <CMPNAME>DEFINITION_DEL</CMPNAME>
     <LANGU>F</LANGU>
     <DESCRIPT>Cluster - Définition Type - Suppression</DESCRIPT>
    </SEOCOMPOTX>
    <SEOCOMPOTX>
     <CLSNAME>ZCL_TYPE_DEFINITION_CLUSTER</CLSNAME>
     <CMPNAME>DEFINITION_GET</CMPNAME>
     <LANGU>F</LANGU>
     <DESCRIPT>Cluster - Définition Type - Récupération</DESCRIPT>
    </SEOCOMPOTX>
    <SEOCOMPOTX>
     <CLSNAME>ZCL_TYPE_DEFINITION_CLUSTER</CLSNAME>
     <CMPNAME>__DEFINITION_ADD</CMPNAME>
     <LANGU>F</LANGU>
     <DESCRIPT>Internal Use : Cluster - Définition Type - Ajout</DESCRIPT>
    </SEOCOMPOTX>
    <SEOCOMPOTX>
     <CLSNAME>ZCL_TYPE_DEFINITION_CLUSTER</CLSNAME>
     <CMPNAME>__DEFINITION_DEL</CMPNAME>
     <LANGU>F</LANGU>
     <DESCRIPT>Internal Use : Cluster - Définition Type - Suppression</DESCRIPT>
    </SEOCOMPOTX>
    <SEOCOMPOTX>
     <CLSNAME>ZCL_TYPE_DEFINITION_CLUSTER</CLSNAME>
     <CMPNAME>__DEFINITION_GET</CMPNAME>
     <LANGU>F</LANGU>
     <DESCRIPT>Internal Use : Cluster - Définition Type - Récupération</DESCRIPT>
    </SEOCOMPOTX>
    <SEOCOMPOTX>
     <CLSNAME>ZCL_TYPE_DEFINITION_CLUSTER</CLSNAME>
     <CMPNAME>__DEFINITION_ID_GET</CMPNAME>
     <LANGU>F</LANGU>
     <DESCRIPT>Internal Use : Cluster - Définition Type - ID - Récupération</DESCRIPT>
    </SEOCOMPOTX>
   </DESCRIPTIONS>
  </asx:values>
 </asx:abap>
</abapGit>
