﻿<?xml version="1.0" encoding="utf-8"?>
<abapGit version="v1.0.0" serializer="LCL_OBJECT_CLAS" serializer_version="v1.0.0">
 <asx:abap xmlns:asx="http://www.sap.com/abapxml" version="1.0">
  <asx:values>
   <VSEOCLASS>
    <CLSNAME>ZCL_TASK_TRACE</CLSNAME>
    <VERSION>1</VERSION>
    <LANGU>F</LANGU>
    <DESCRIPT>Tâche - Trace exécution</DESCRIPT>
    <STATE>1</STATE>
    <CLSFINAL>X</CLSFINAL>
    <CLSCCINCL>X</CLSCCINCL>
    <FIXPT>X</FIXPT>
    <UNICODE>X</UNICODE>
    <MSG_ID>ZTASK</MSG_ID>
   </VSEOCLASS>
   <TPOOL/>
   <DESCRIPTIONS>
    <SEOCOMPOTX>
     <CLSNAME>ZCL_TASK_TRACE</CLSNAME>
     <CMPNAME>CONSTRUCTOR</CMPNAME>
     <LANGU>F</LANGU>
     <DESCRIPT>CONSTRUCTOR</DESCRIPT>
    </SEOCOMPOTX>
    <SEOCOMPOTX>
     <CLSNAME>ZCL_TASK_TRACE</CLSNAME>
     <CMPNAME>TASK_TRACE_ADD</CMPNAME>
     <LANGU>F</LANGU>
     <DESCRIPT>Trace - Ajout de la Trace</DESCRIPT>
    </SEOCOMPOTX>
    <SEOCOMPOTX>
     <CLSNAME>ZCL_TASK_TRACE</CLSNAME>
     <CMPNAME>TASK_TRACE_GET_PARAM</CMPNAME>
     <LANGU>F</LANGU>
     <DESCRIPT>Trace - Récupération configuration</DESCRIPT>
    </SEOCOMPOTX>
    <SEOCOMPOTX>
     <CLSNAME>ZCL_TASK_TRACE</CLSNAME>
     <CMPNAME>TASK_TRACE_IS_ACTIVE</CMPNAME>
     <LANGU>F</LANGU>
     <DESCRIPT>Trace - Trace Active sur MF ?</DESCRIPT>
    </SEOCOMPOTX>
    <SEOCOMPOTX>
     <CLSNAME>ZCL_TASK_TRACE</CLSNAME>
     <CMPNAME>TASK_TRACE_SAVE_TO_DB</CMPNAME>
     <LANGU>F</LANGU>
     <DESCRIPT>Trace - Sauvegarde les Traces d&apos;exécution</DESCRIPT>
    </SEOCOMPOTX>
    <SEOCOMPOTX>
     <CLSNAME>ZCL_TASK_TRACE</CLSNAME>
     <CMPNAME>TASK_TRACE_START</CMPNAME>
     <LANGU>F</LANGU>
     <DESCRIPT>Trace - Début</DESCRIPT>
    </SEOCOMPOTX>
    <SEOCOMPOTX>
     <CLSNAME>ZCL_TASK_TRACE</CLSNAME>
     <CMPNAME>TASK_TRACE_STOP</CMPNAME>
     <LANGU>F</LANGU>
     <DESCRIPT>Trace - Fin</DESCRIPT>
    </SEOCOMPOTX>
   </DESCRIPTIONS>
  </asx:values>
 </asx:abap>
</abapGit>
