﻿<?xml version="1.0" encoding="utf-8"?>
<abapGit version="v1.0.0" serializer="LCL_OBJECT_CLAS" serializer_version="v1.0.0">
 <asx:abap xmlns:asx="http://www.sap.com/abapxml" version="1.0">
  <asx:values>
   <VSEOCLASS>
    <CLSNAME>ZCL_TASK_SHM</CLSNAME>
    <VERSION>1</VERSION>
    <LANGU>F</LANGU>
    <DESCRIPT>Tâche - Exploitation SHM</DESCRIPT>
    <STATE>1</STATE>
    <CLSFINAL>X</CLSFINAL>
    <CLSCCINCL>X</CLSCCINCL>
    <FIXPT>X</FIXPT>
    <UNICODE>X</UNICODE>
   </VSEOCLASS>
   <TPOOL/>
   <DESCRIPTIONS>
    <SEOCOMPOTX>
     <CLSNAME>ZCL_TASK_SHM</CLSNAME>
     <CMPNAME>CONSTRUCTOR</CMPNAME>
     <LANGU>F</LANGU>
     <DESCRIPT>CONSTRUCTOR</DESCRIPT>
    </SEOCOMPOTX>
    <SEOCOMPOTX>
     <CLSNAME>ZCL_TASK_SHM</CLSNAME>
     <CMPNAME>GET_INSTANCE</CMPNAME>
     <LANGU>F</LANGU>
     <DESCRIPT>SHM - Récupération instance</DESCRIPT>
    </SEOCOMPOTX>
    <SEOCOMPOTX>
     <CLSNAME>ZCL_TASK_SHM</CLSNAME>
     <CMPNAME>TASK_MANAGER_DEREGISTER</CMPNAME>
     <LANGU>F</LANGU>
     <DESCRIPT>SHM - Désenregistrement Manager Tâche</DESCRIPT>
    </SEOCOMPOTX>
    <SEOCOMPOTX>
     <CLSNAME>ZCL_TASK_SHM</CLSNAME>
     <CMPNAME>TASK_MANAGER_REGISTER</CMPNAME>
     <LANGU>F</LANGU>
     <DESCRIPT>SHM - Enregistrement Manager Tâche</DESCRIPT>
    </SEOCOMPOTX>
    <SEOCOMPOTX>
     <CLSNAME>ZCL_TASK_SHM</CLSNAME>
     <CMPNAME>__INTERNAL_USE_FREE_SHM</CMPNAME>
     <LANGU>F</LANGU>
     <DESCRIPT>SHM - Suppression toutes versions</DESCRIPT>
    </SEOCOMPOTX>
   </DESCRIPTIONS>
  </asx:values>
 </asx:abap>
</abapGit>
