﻿<?xml version="1.0" encoding="utf-8"?>
<abapGit version="v1.0.0" serializer="LCL_OBJECT_CLAS" serializer_version="v1.0.0">
 <asx:abap xmlns:asx="http://www.sap.com/abapxml" version="1.0">
  <asx:values>
   <VSEOCLASS>
    <CLSNAME>ZCL_TASK_MANAGER</CLSNAME>
    <VERSION>1</VERSION>
    <LANGU>F</LANGU>
    <DESCRIPT>Manager de Tâche - Gestion de la //</DESCRIPT>
    <EXPOSURE>2</EXPOSURE>
    <STATE>1</STATE>
    <CLSFINAL>X</CLSFINAL>
    <CLSCCINCL>X</CLSCCINCL>
    <FIXPT>X</FIXPT>
    <UNICODE>X</UNICODE>
    <MSG_ID>ZTASK</MSG_ID>
   </VSEOCLASS>
   <TPOOL/>
   <DESCRIPTIONS>
    <SEOCOMPOTX>
     <CLSNAME>ZCL_TASK_MANAGER</CLSNAME>
     <CMPNAME>AT_END_OF_TASK</CMPNAME>
     <LANGU>F</LANGU>
     <DESCRIPT>Traitement lors de la fin d&apos;une Tâche</DESCRIPT>
    </SEOCOMPOTX>
    <SEOCOMPOTX>
     <CLSNAME>ZCL_TASK_MANAGER</CLSNAME>
     <CMPNAME>AVAILABLE_PROCESS_GET</CMPNAME>
     <LANGU>F</LANGU>
     <DESCRIPT>Récupération traitement disponible</DESCRIPT>
    </SEOCOMPOTX>
    <SEOCOMPOTX>
     <CLSNAME>ZCL_TASK_MANAGER</CLSNAME>
     <CMPNAME>COMPRESS_PARAM_EXIST</CMPNAME>
     <LANGU>F</LANGU>
     <DESCRIPT>Compression - Configuration existe ?</DESCRIPT>
    </SEOCOMPOTX>
    <SEOCOMPOTX>
     <CLSNAME>ZCL_TASK_MANAGER</CLSNAME>
     <CMPNAME>COMPRESS_PARAM_GET</CMPNAME>
     <LANGU>F</LANGU>
     <DESCRIPT>Compression - Récupération configuration</DESCRIPT>
    </SEOCOMPOTX>
    <SEOCOMPOTX>
     <CLSNAME>ZCL_TASK_MANAGER</CLSNAME>
     <CMPNAME>CONSTRUCTOR</CMPNAME>
     <LANGU>F</LANGU>
     <DESCRIPT>CONSTRUCTOR</DESCRIPT>
    </SEOCOMPOTX>
    <SEOCOMPOTX>
     <CLSNAME>ZCL_TASK_MANAGER</CLSNAME>
     <CMPNAME>CONTAINER_TASK_CREATE</CMPNAME>
     <LANGU>F</LANGU>
     <DESCRIPT>Container - Création</DESCRIPT>
    </SEOCOMPOTX>
    <SEOCOMPOTX>
     <CLSNAME>ZCL_TASK_MANAGER</CLSNAME>
     <CMPNAME>HANDLER_TASK_BEFORE</CMPNAME>
     <LANGU>F</LANGU>
     <DESCRIPT>Handler - Début d&apos;une Tâche</DESCRIPT>
    </SEOCOMPOTX>
    <SEOCOMPOTX>
     <CLSNAME>ZCL_TASK_MANAGER</CLSNAME>
     <CMPNAME>HANDLER_TASK_END</CMPNAME>
     <LANGU>F</LANGU>
     <DESCRIPT>Handler - Fin d&apos;une Tâche</DESCRIPT>
    </SEOCOMPOTX>
    <SEOCOMPOTX>
     <CLSNAME>ZCL_TASK_MANAGER</CLSNAME>
     <CMPNAME>HANDLER_TASK_ERROR_RESULT</CMPNAME>
     <LANGU>F</LANGU>
     <DESCRIPT>Handler - Erreur Tâche</DESCRIPT>
    </SEOCOMPOTX>
    <SEOCOMPOTX>
     <CLSNAME>ZCL_TASK_MANAGER</CLSNAME>
     <CMPNAME>MANAGER_BEFORE_TASK</CMPNAME>
     <LANGU>F</LANGU>
     <DESCRIPT>Evènement début d&apos;une Tâche</DESCRIPT>
    </SEOCOMPOTX>
    <SEOCOMPOTX>
     <CLSNAME>ZCL_TASK_MANAGER</CLSNAME>
     <CMPNAME>MANAGER_END_OF_TASK</CMPNAME>
     <LANGU>F</LANGU>
     <DESCRIPT>Evènement fin d&apos;une Tâche</DESCRIPT>
    </SEOCOMPOTX>
    <SEOCOMPOTX>
     <CLSNAME>ZCL_TASK_MANAGER</CLSNAME>
     <CMPNAME>TASK_FINISH_RUNNING</CMPNAME>
     <LANGU>F</LANGU>
     <DESCRIPT>Tâche - Fin de toutes les Tâches</DESCRIPT>
    </SEOCOMPOTX>
    <SEOCOMPOTX>
     <CLSNAME>ZCL_TASK_MANAGER</CLSNAME>
     <CMPNAME>TASK_GET_FREE</CMPNAME>
     <LANGU>F</LANGU>
     <DESCRIPT>Récupération Tâche disponible</DESCRIPT>
    </SEOCOMPOTX>
    <SEOCOMPOTX>
     <CLSNAME>ZCL_TASK_MANAGER</CLSNAME>
     <CMPNAME>TASK_START_NEW</CMPNAME>
     <LANGU>F</LANGU>
     <DESCRIPT>Tâche - Lancement</DESCRIPT>
    </SEOCOMPOTX>
    <SEOCOMPOTX>
     <CLSNAME>ZCL_TASK_MANAGER</CLSNAME>
     <CMPNAME>TRACE_TASK_START</CMPNAME>
     <LANGU>F</LANGU>
     <DESCRIPT>Trace - Début de la Trace d&apos;exécution</DESCRIPT>
    </SEOCOMPOTX>
    <SEOCOMPOTX>
     <CLSNAME>ZCL_TASK_MANAGER</CLSNAME>
     <CMPNAME>TRACE_TASK_STOP</CMPNAME>
     <LANGU>F</LANGU>
     <DESCRIPT>Trace - Fin de la Trace d&apos;exécution</DESCRIPT>
    </SEOCOMPOTX>
    <SEOCOMPOTX>
     <CLSNAME>ZCL_TASK_MANAGER</CLSNAME>
     <CMPNAME>_CALL_PROCESS_FUNCTION_CHECK</CMPNAME>
     <LANGU>F</LANGU>
     <DESCRIPT>Traitement MF - Contrôle cohérence</DESCRIPT>
    </SEOCOMPOTX>
    <SEOCOMPOTX>
     <CLSNAME>ZCL_TASK_MANAGER</CLSNAME>
     <CMPNAME>_CALL_PROCESS_METHOD_CHECK</CMPNAME>
     <LANGU>F</LANGU>
     <DESCRIPT>Traitement Méthode - Contrôle cohérence</DESCRIPT>
    </SEOCOMPOTX>
    <SEOCOMPOTX>
     <CLSNAME>ZCL_TASK_MANAGER</CLSNAME>
     <CMPNAME>_CONSTRUCTOR_CHECK</CMPNAME>
     <LANGU>F</LANGU>
     <DESCRIPT>Contrôle des paramétres</DESCRIPT>
    </SEOCOMPOTX>
    <SEOCOMPOTX>
     <CLSNAME>ZCL_TASK_MANAGER</CLSNAME>
     <CMPNAME>_DEDICATED_MODE_CHECK</CMPNAME>
     <LANGU>F</LANGU>
     <DESCRIPT>Mode dédié - Contrôle</DESCRIPT>
    </SEOCOMPOTX>
    <SEOCOMPOTX>
     <CLSNAME>ZCL_TASK_MANAGER</CLSNAME>
     <CMPNAME>_TASK_CALL_PROCESS_CHECK</CMPNAME>
     <LANGU>F</LANGU>
     <DESCRIPT>Traitement - Contrôle cohérence</DESCRIPT>
    </SEOCOMPOTX>
   </DESCRIPTIONS>
  </asx:values>
 </asx:abap>
</abapGit>
