﻿<?xml version="1.0" encoding="utf-8"?>
<abapGit version="v1.0.0" serializer="LCL_OBJECT_CLAS" serializer_version="v1.0.0">
 <asx:abap xmlns:asx="http://www.sap.com/abapxml" version="1.0">
  <asx:values>
   <VSEOCLASS>
    <CLSNAME>ZCL_TASK_CONTAINER</CLSNAME>
    <VERSION>1</VERSION>
    <LANGU>F</LANGU>
    <DESCRIPT>Container - Paramètre d&apos;appel</DESCRIPT>
    <STATE>1</STATE>
    <CLSFINAL>X</CLSFINAL>
    <CLSCCINCL>X</CLSCCINCL>
    <FIXPT>X</FIXPT>
    <UNICODE>X</UNICODE>
   </VSEOCLASS>
   <TPOOL/>
   <DESCRIPTIONS>
    <SEOCOMPOTX>
     <CLSNAME>ZCL_TASK_CONTAINER</CLSNAME>
     <CMPNAME>ATTACHED_DATA_ADD</CMPNAME>
     <LANGU>F</LANGU>
     <DESCRIPT>Données contextuelle - Ajout</DESCRIPT>
    </SEOCOMPOTX>
    <SEOCOMPOTX>
     <CLSNAME>ZCL_TASK_CONTAINER</CLSNAME>
     <CMPNAME>ATTACHED_DATA_DELETE</CMPNAME>
     <LANGU>F</LANGU>
     <DESCRIPT>Données contextuelle - Suppression</DESCRIPT>
    </SEOCOMPOTX>
    <SEOCOMPOTX>
     <CLSNAME>ZCL_TASK_CONTAINER</CLSNAME>
     <CMPNAME>ATTACHED_DATA_GET</CMPNAME>
     <LANGU>F</LANGU>
     <DESCRIPT>Données contextuelle - Récupération</DESCRIPT>
    </SEOCOMPOTX>
    <SEOCOMPOTX>
     <CLSNAME>ZCL_TASK_CONTAINER</CLSNAME>
     <CMPNAME>CONSTRUCTOR</CMPNAME>
     <LANGU>F</LANGU>
     <DESCRIPT>CONSTRUCTOR</DESCRIPT>
    </SEOCOMPOTX>
    <SEOCOMPOTX>
     <CLSNAME>ZCL_TASK_CONTAINER</CLSNAME>
     <CMPNAME>COPY_GET</CMPNAME>
     <LANGU>F</LANGU>
     <DESCRIPT>Retourne une copie de l&apos;instance</DESCRIPT>
    </SEOCOMPOTX>
    <SEOCOMPOTX>
     <CLSNAME>ZCL_TASK_CONTAINER</CLSNAME>
     <CMPNAME>FUNCTION_PARAMETER_ADD</CMPNAME>
     <LANGU>F</LANGU>
     <DESCRIPT>Données contextuelle - Ajout</DESCRIPT>
    </SEOCOMPOTX>
    <SEOCOMPOTX>
     <CLSNAME>ZCL_TASK_CONTAINER</CLSNAME>
     <CMPNAME>FUNCTION_PARAMETER_DELETE</CMPNAME>
     <LANGU>F</LANGU>
     <DESCRIPT>Paramètre d&apos;appel - Suppression</DESCRIPT>
    </SEOCOMPOTX>
    <SEOCOMPOTX>
     <CLSNAME>ZCL_TASK_CONTAINER</CLSNAME>
     <CMPNAME>FUNCTION_PARAMETER_GET</CMPNAME>
     <LANGU>F</LANGU>
     <DESCRIPT>Paramètre d&apos;appel - Récupération</DESCRIPT>
    </SEOCOMPOTX>
    <SEOCOMPOTX>
     <CLSNAME>ZCL_TASK_CONTAINER</CLSNAME>
     <CMPNAME>RESET</CMPNAME>
     <LANGU>F</LANGU>
     <DESCRIPT>Réinitialisation</DESCRIPT>
    </SEOCOMPOTX>
   </DESCRIPTIONS>
  </asx:values>
 </asx:abap>
</abapGit>
