﻿<?xml version="1.0" encoding="utf-8"?>
<abapGit version="v1.0.0" serializer="LCL_OBJECT_CLAS" serializer_version="v1.0.0">
 <asx:abap xmlns:asx="http://www.sap.com/abapxml" version="1.0">
  <asx:values>
   <VSEOCLASS>
    <CLSNAME>ZCL_TYPE_DEF_AREAHANDLE_ROOT</CLSNAME>
    <VERSION>1</VERSION>
    <LANGU>F</LANGU>
    <DESCRIPT>Définition de Type - Classe Root (Mémoire partagée)</DESCRIPT>
    <EXPOSURE>2</EXPOSURE>
    <STATE>1</STATE>
    <CLSFINAL>X</CLSFINAL>
    <CLSCCINCL>X</CLSCCINCL>
    <FIXPT>X</FIXPT>
    <UNICODE>X</UNICODE>
    <CLSSHAREDMEMORY>X</CLSSHAREDMEMORY>
   </VSEOCLASS>
   <TPOOL/>
   <DESCRIPTIONS>
    <SEOCOMPOTX>
     <CLSNAME>ZCL_TYPE_DEF_AREAHANDLE_ROOT</CLSNAME>
     <CMPNAME>DEFINITION_TYPE_ADD</CMPNAME>
     <LANGU>F</LANGU>
     <DESCRIPT>Définition Type - Ajout</DESCRIPT>
    </SEOCOMPOTX>
    <SEOCOMPOTX>
     <CLSNAME>ZCL_TYPE_DEF_AREAHANDLE_ROOT</CLSNAME>
     <CMPNAME>DEFINITION_TYPE_DELETE</CMPNAME>
     <LANGU>F</LANGU>
     <DESCRIPT>Définition Type - Suppression</DESCRIPT>
    </SEOCOMPOTX>
    <SEOCOMPOTX>
     <CLSNAME>ZCL_TYPE_DEF_AREAHANDLE_ROOT</CLSNAME>
     <CMPNAME>DEFINITION_TYPE_EXIST</CMPNAME>
     <LANGU>F</LANGU>
     <DESCRIPT>Définition Type - Existe ?</DESCRIPT>
    </SEOCOMPOTX>
    <SEOCOMPOTX>
     <CLSNAME>ZCL_TYPE_DEF_AREAHANDLE_ROOT</CLSNAME>
     <CMPNAME>DEFINITION_TYPE_GET</CMPNAME>
     <LANGU>F</LANGU>
     <DESCRIPT>Définition Type - Récupération</DESCRIPT>
    </SEOCOMPOTX>
    <SEOCOMPOTX>
     <CLSNAME>ZCL_TYPE_DEF_AREAHANDLE_ROOT</CLSNAME>
     <CMPNAME>__DEFINITION_CLUSTER_ADD</CMPNAME>
     <LANGU>F</LANGU>
     <DESCRIPT>Internal use - Définition Type - Cluster - Export to DB</DESCRIPT>
    </SEOCOMPOTX>
    <SEOCOMPOTX>
     <CLSNAME>ZCL_TYPE_DEF_AREAHANDLE_ROOT</CLSNAME>
     <CMPNAME>__DEFINITION_CLUSTER_DELETE</CMPNAME>
     <LANGU>F</LANGU>
     <DESCRIPT>Internal use - Définition Type - Cluster - Delete into DB</DESCRIPT>
    </SEOCOMPOTX>
    <SEOCOMPOTX>
     <CLSNAME>ZCL_TYPE_DEF_AREAHANDLE_ROOT</CLSNAME>
     <CMPNAME>__DEFINITION_CLUSTER_GET</CMPNAME>
     <LANGU>F</LANGU>
     <DESCRIPT>Internal use - Définition Type - Cluster - Import from DB</DESCRIPT>
    </SEOCOMPOTX>
    <SEOCOMPOTX>
     <CLSNAME>ZCL_TYPE_DEF_AREAHANDLE_ROOT</CLSNAME>
     <CMPNAME>__DEFINITION_TYPE_ADD</CMPNAME>
     <LANGU>F</LANGU>
     <DESCRIPT>Internal use - Définition Type - Ajout</DESCRIPT>
    </SEOCOMPOTX>
    <SEOCOMPOTX>
     <CLSNAME>ZCL_TYPE_DEF_AREAHANDLE_ROOT</CLSNAME>
     <CMPNAME>__DEFINITION_TYPE_DELETE</CMPNAME>
     <LANGU>F</LANGU>
     <DESCRIPT>Internal use - Définition Type - Suppression</DESCRIPT>
    </SEOCOMPOTX>
    <SEOCOMPOTX>
     <CLSNAME>ZCL_TYPE_DEF_AREAHANDLE_ROOT</CLSNAME>
     <CMPNAME>__DEFINITION_TYPE_GET</CMPNAME>
     <LANGU>F</LANGU>
     <DESCRIPT>Internal use - Définition Type - Récupération</DESCRIPT>
    </SEOCOMPOTX>
   </DESCRIPTIONS>
  </asx:values>
 </asx:abap>
</abapGit>
