﻿<?xml version="1.0" encoding="utf-8"?>
<abapGit version="v1.0.0" serializer="LCL_OBJECT_TABL" serializer_version="v1.0.0">
 <asx:abap xmlns:asx="http://www.sap.com/abapxml" version="1.0">
  <asx:values>
   <DD02V>
    <TABNAME>ZCLUST_TYPE_DEF</TABNAME>
    <DDLANGUAGE>F</DDLANGUAGE>
    <TABCLASS>TRANSP</TABCLASS>
    <CLIDEP>X</CLIDEP>
    <DDTEXT>Définition de Type - Table Cluster</DDTEXT>
    <CONTFLAG>L</CONTFLAG>
    <EXCLASS>1</EXCLASS>
   </DD02V>
   <DD09L>
    <TABNAME>ZCLUST_TYPE_DEF</TABNAME>
    <AS4LOCAL>A</AS4LOCAL>
    <TABKAT>1</TABKAT>
    <TABART>APPL1</TABART>
    <BUFALLOW>N</BUFALLOW>
    <ROWORCOLST>C</ROWORCOLST>
   </DD09L>
   <DD03P_TABLE>
    <DD03P>
     <TABNAME>ZCLUST_TYPE_DEF</TABNAME>
     <FIELDNAME>MANDT</FIELDNAME>
     <POSITION>0001</POSITION>
     <KEYFLAG>X</KEYFLAG>
     <ROLLNAME>MANDT</ROLLNAME>
     <ADMINFIELD>0</ADMINFIELD>
     <NOTNULL>X</NOTNULL>
     <RESERVEDTE>D</RESERVEDTE>
     <COMPTYPE>E</COMPTYPE>
    </DD03P>
    <DD03P>
     <TABNAME>ZCLUST_TYPE_DEF</TABNAME>
     <FIELDNAME>RELID</FIELDNAME>
     <POSITION>0002</POSITION>
     <KEYFLAG>X</KEYFLAG>
     <ROLLNAME>INDX_RELID</ROLLNAME>
     <ADMINFIELD>0</ADMINFIELD>
     <NOTNULL>X</NOTNULL>
     <COMPTYPE>E</COMPTYPE>
    </DD03P>
    <DD03P>
     <TABNAME>ZCLUST_TYPE_DEF</TABNAME>
     <FIELDNAME>SRTFD</FIELDNAME>
     <POSITION>0003</POSITION>
     <KEYFLAG>X</KEYFLAG>
     <ROLLNAME>ZTYPE_DEFINITION_GUID</ROLLNAME>
     <ADMINFIELD>0</ADMINFIELD>
     <NOTNULL>X</NOTNULL>
     <COMPTYPE>E</COMPTYPE>
    </DD03P>
    <DD03P>
     <TABNAME>ZCLUST_TYPE_DEF</TABNAME>
     <FIELDNAME>SRTF2</FIELDNAME>
     <POSITION>0004</POSITION>
     <KEYFLAG>X</KEYFLAG>
     <ROLLNAME>INDX_SRTF2</ROLLNAME>
     <ADMINFIELD>0</ADMINFIELD>
     <NOTNULL>X</NOTNULL>
     <COMPTYPE>E</COMPTYPE>
    </DD03P>
    <DD03P>
     <TABNAME>ZCLUST_TYPE_DEF</TABNAME>
     <FIELDNAME>TYPE_DEF</FIELDNAME>
     <POSITION>0005</POSITION>
     <ROLLNAME>FDT_DDIC_ABSOLUTE_NAME</ROLLNAME>
     <ADMINFIELD>0</ADMINFIELD>
     <COMPTYPE>E</COMPTYPE>
    </DD03P>
    <DD03P>
     <TABNAME>ZCLUST_TYPE_DEF</TABNAME>
     <FIELDNAME>UNAME</FIELDNAME>
     <POSITION>0006</POSITION>
     <ROLLNAME>UNAME</ROLLNAME>
     <ADMINFIELD>0</ADMINFIELD>
     <COMPTYPE>E</COMPTYPE>
    </DD03P>
    <DD03P>
     <TABNAME>ZCLUST_TYPE_DEF</TABNAME>
     <FIELDNAME>TIMESTAMP</FIELDNAME>
     <POSITION>0007</POSITION>
     <ROLLNAME>TIMESTAMP</ROLLNAME>
     <ADMINFIELD>0</ADMINFIELD>
     <COMPTYPE>E</COMPTYPE>
    </DD03P>
    <DD03P>
     <TABNAME>ZCLUST_TYPE_DEF</TABNAME>
     <FIELDNAME>DATA_SIZE</FIELDNAME>
     <POSITION>0008</POSITION>
     <ROLLNAME>ABAP_MSIZE</ROLLNAME>
     <ADMINFIELD>0</ADMINFIELD>
     <COMPTYPE>E</COMPTYPE>
    </DD03P>
    <DD03P>
     <TABNAME>ZCLUST_TYPE_DEF</TABNAME>
     <FIELDNAME>IS_COMPRESSED</FIELDNAME>
     <POSITION>0009</POSITION>
     <ROLLNAME>G_COMPRESS</ROLLNAME>
     <ADMINFIELD>0</ADMINFIELD>
     <VALEXI>X</VALEXI>
     <SHLPORIGIN>F</SHLPORIGIN>
     <COMPTYPE>E</COMPTYPE>
    </DD03P>
    <DD03P>
     <TABNAME>ZCLUST_TYPE_DEF</TABNAME>
     <FIELDNAME>CLUSTR</FIELDNAME>
     <POSITION>0010</POSITION>
     <ROLLNAME>INDX_CLSTR</ROLLNAME>
     <ADMINFIELD>0</ADMINFIELD>
     <COMPTYPE>E</COMPTYPE>
    </DD03P>
    <DD03P>
     <TABNAME>ZCLUST_TYPE_DEF</TABNAME>
     <FIELDNAME>CLUSTD</FIELDNAME>
     <POSITION>0011</POSITION>
     <ROLLNAME>INDX_CLUST</ROLLNAME>
     <ADMINFIELD>0</ADMINFIELD>
     <COMPTYPE>E</COMPTYPE>
    </DD03P>
   </DD03P_TABLE>
   <DD05M_TABLE/>
   <DD08V_TABLE/>
   <DD12V>
    <DD12V>
     <SQLTAB>ZCLUST_TYPE_DEF</SQLTAB>
     <INDEXNAME>ZID</INDEXNAME>
     <AS4LOCAL>A</AS4LOCAL>
     <DDLANGUAGE>F</DDLANGUAGE>
     <DDTEXT>Index sur Type</DDTEXT>
    </DD12V>
   </DD12V>
   <DD17V>
    <DD17V>
     <SQLTAB>ZCLUST_TYPE_DEF</SQLTAB>
     <INDEXNAME>ZID</INDEXNAME>
     <POSITION>0001</POSITION>
     <AS4LOCAL>A</AS4LOCAL>
     <FIELDNAME>MANDT</FIELDNAME>
    </DD17V>
    <DD17V>
     <SQLTAB>ZCLUST_TYPE_DEF</SQLTAB>
     <INDEXNAME>ZID</INDEXNAME>
     <POSITION>0002</POSITION>
     <AS4LOCAL>A</AS4LOCAL>
     <FIELDNAME>TYPE_DEF</FIELDNAME>
    </DD17V>
   </DD17V>
   <DD35V_TALE/>
   <DD36M/>
  </asx:values>
 </asx:abap>
</abapGit>
