﻿<?xml version="1.0" encoding="utf-8"?>
<abapGit version="v1.0.0" serializer="LCL_OBJECT_INTF" serializer_version="v1.0.0">
 <asx:abap xmlns:asx="http://www.sap.com/abapxml" version="1.0">
  <asx:values>
   <VSEOINTERF>
    <CLSNAME>ZIF_TASK_CONSTANT</CLSNAME>
    <VERSION>1</VERSION>
    <LANGU>F</LANGU>
    <DESCRIPT>Interface Tâche</DESCRIPT>
    <EXPOSURE>2</EXPOSURE>
    <STATE>1</STATE>
    <UNICODE>X</UNICODE>
   </VSEOINTERF>
   <DESCRIPTIONS>
    <SEOCOMPOTX>
     <CLSNAME>ZIF_TASK_CONSTANT</CLSNAME>
     <CMPNAME>MC_MESSAGE_CLASS_ID</CMPNAME>
     <LANGU>F</LANGU>
     <DESCRIPT>Domaine fonctionnel</DESCRIPT>
    </SEOCOMPOTX>
    <SEOCOMPOTX>
     <CLSNAME>ZIF_TASK_CONSTANT</CLSNAME>
     <CMPNAME>MC_PARAMETER_KIND_CHANGING</CMPNAME>
     <LANGU>F</LANGU>
     <DESCRIPT>Changing</DESCRIPT>
    </SEOCOMPOTX>
    <SEOCOMPOTX>
     <CLSNAME>ZIF_TASK_CONSTANT</CLSNAME>
     <CMPNAME>MC_PARAMETER_KIND_EXCEPTION</CMPNAME>
     <LANGU>F</LANGU>
     <DESCRIPT>Exception</DESCRIPT>
    </SEOCOMPOTX>
    <SEOCOMPOTX>
     <CLSNAME>ZIF_TASK_CONSTANT</CLSNAME>
     <CMPNAME>MC_PARAMETER_KIND_EXPORTING</CMPNAME>
     <LANGU>F</LANGU>
     <DESCRIPT>Exporting</DESCRIPT>
    </SEOCOMPOTX>
    <SEOCOMPOTX>
     <CLSNAME>ZIF_TASK_CONSTANT</CLSNAME>
     <CMPNAME>MC_PARAMETER_KIND_IMPORTING</CMPNAME>
     <LANGU>F</LANGU>
     <DESCRIPT>Importing</DESCRIPT>
    </SEOCOMPOTX>
    <SEOCOMPOTX>
     <CLSNAME>ZIF_TASK_CONSTANT</CLSNAME>
     <CMPNAME>MC_PARAMETER_KIND_TABLES</CMPNAME>
     <LANGU>F</LANGU>
     <DESCRIPT>Tables</DESCRIPT>
    </SEOCOMPOTX>
    <SEOCOMPOTX>
     <CLSNAME>ZIF_TASK_CONSTANT</CLSNAME>
     <CMPNAME>MC_PARAMETER_NAME_ERROR</CMPNAME>
     <LANGU>F</LANGU>
     <DESCRIPT>Erreur</DESCRIPT>
    </SEOCOMPOTX>
   </DESCRIPTIONS>
  </asx:values>
 </asx:abap>
</abapGit>
