﻿<?xml version="1.0" encoding="utf-8"?>
<abapGit version="v1.0.0" serializer="LCL_OBJECT_MSAG" serializer_version="v1.0.0">
 <asx:abap xmlns:asx="http://www.sap.com/abapxml" version="1.0">
  <asx:values>
   <T100A>
    <ARBGB>ZTASK</ARBGB>
    <MASTERLANG>F</MASTERLANG>
    <STEXT>Tâche - Classe de message</STEXT>
   </T100A>
   <T100>
    <T100>
     <SPRSL>F</SPRSL>
     <ARBGB>ZTASK</ARBGB>
     <MSGNR>000</MSGNR>
     <TEXT>[ Tâche ]</TEXT>
    </T100>
    <T100>
     <SPRSL>F</SPRSL>
     <ARBGB>ZTASK</ARBGB>
     <MSGNR>002</MSGNR>
     <TEXT>[Tâche &amp;] : Le traitement &amp; n&apos;existe pas</TEXT>
    </T100>
    <T100>
     <SPRSL>F</SPRSL>
     <ARBGB>ZTASK</ARBGB>
     <MSGNR>003</MSGNR>
     <TEXT>[Tâche &amp;] : Le traitement d&apos;appel est obligatoire</TEXT>
    </T100>
    <T100>
     <SPRSL>F</SPRSL>
     <ARBGB>ZTASK</ARBGB>
     <MSGNR>005</MSGNR>
     <TEXT>[Tâche &amp;] : Impossible de traiter le paramètre &amp;</TEXT>
    </T100>
    <T100>
     <SPRSL>F</SPRSL>
     <ARBGB>ZTASK</ARBGB>
     <MSGNR>006</MSGNR>
     <TEXT>[Tâche &amp;] : Une erreur est survenue lors du traitement des paramètres</TEXT>
    </T100>
    <T100>
     <SPRSL>F</SPRSL>
     <ARBGB>ZTASK</ARBGB>
     <MSGNR>100</MSGNR>
     <TEXT>[ Manager Tâche ]</TEXT>
    </T100>
    <T100>
     <SPRSL>F</SPRSL>
     <ARBGB>ZTASK</ARBGB>
     <MSGNR>102</MSGNR>
     <TEXT>Le nombre de Tâche doit être un entier positif</TEXT>
    </T100>
    <T100>
     <SPRSL>F</SPRSL>
     <ARBGB>ZTASK</ARBGB>
     <MSGNR>103</MSGNR>
     <TEXT>Aucune Tâche n&apos;a pu être créé.</TEXT>
    </T100>
    <T100>
     <SPRSL>F</SPRSL>
     <ARBGB>ZTASK</ARBGB>
     <MSGNR>104</MSGNR>
     <TEXT>Le MF &amp; n&apos;existe pas</TEXT>
    </T100>
    <T100>
     <SPRSL>F</SPRSL>
     <ARBGB>ZTASK</ARBGB>
     <MSGNR>105</MSGNR>
     <TEXT>Le groupe de serveur &amp; n&apos;existe pas.</TEXT>
    </T100>
    <T100>
     <SPRSL>F</SPRSL>
     <ARBGB>ZTASK</ARBGB>
     <MSGNR>200</MSGNR>
     <TEXT>[ Handler Tâche ]</TEXT>
    </T100>
    <T100>
     <SPRSL>F</SPRSL>
     <ARBGB>ZTASK</ARBGB>
     <MSGNR>300</MSGNR>
     <TEXT>[ Container Tâche ]</TEXT>
    </T100>
    <T100>
     <SPRSL>F</SPRSL>
     <ARBGB>ZTASK</ARBGB>
     <MSGNR>400</MSGNR>
     <TEXT>[ Trace Tâche ]</TEXT>
    </T100>
    <T100>
     <SPRSL>F</SPRSL>
     <ARBGB>ZTASK</ARBGB>
     <MSGNR>500</MSGNR>
     <TEXT>[ Module Focntion Z_TASK_CALL_PROCESS ]</TEXT>
    </T100>
    <T100>
     <SPRSL>F</SPRSL>
     <ARBGB>ZTASK</ARBGB>
     <MSGNR>501</MSGNR>
     <TEXT>[&amp;] : Erreur lors de la conversion des paramètres dynamiques</TEXT>
    </T100>
    <T100>
     <SPRSL>F</SPRSL>
     <ARBGB>ZTASK</ARBGB>
     <MSGNR>502</MSGNR>
     <TEXT>[&amp;] : Erreur lors d&apos;appel du traitement // &amp;</TEXT>
    </T100>
    <T100>
     <SPRSL>F</SPRSL>
     <ARBGB>ZTASK</ARBGB>
     <MSGNR>600</MSGNR>
     <TEXT>[ Wizard ]</TEXT>
    </T100>
    <T100>
     <SPRSL>F</SPRSL>
     <ARBGB>ZTASK</ARBGB>
     <MSGNR>601</MSGNR>
     <TEXT>La méthode &amp; / &amp; n&apos;existe pas ou n&apos;est pas conforme.</TEXT>
    </T100>
    <T100>
     <SPRSL>F</SPRSL>
     <ARBGB>ZTASK</ARBGB>
     <MSGNR>602</MSGNR>
     <TEXT>Veuillez saisir une classe</TEXT>
    </T100>
    <T100>
     <SPRSL>F</SPRSL>
     <ARBGB>ZTASK</ARBGB>
     <MSGNR>603</MSGNR>
     <TEXT>Veuillez saisir une méthode</TEXT>
    </T100>
    <T100>
     <SPRSL>F</SPRSL>
     <ARBGB>ZTASK</ARBGB>
     <MSGNR>604</MSGNR>
     <TEXT>Vous ne pouvez pas utiliser le Prg. Template en tant que Prg. Cadre</TEXT>
    </T100>
    <T100>
     <SPRSL>F</SPRSL>
     <ARBGB>ZTASK</ARBGB>
     <MSGNR>605</MSGNR>
     <TEXT>Anchor template &amp; / &amp; non trouvée.</TEXT>
    </T100>
    <T100>
     <SPRSL>F</SPRSL>
     <ARBGB>ZTASK</ARBGB>
     <MSGNR>606</MSGNR>
     <TEXT>Template du Cadriciel non trouvé dans le prg &amp;.</TEXT>
    </T100>
    <T100>
     <SPRSL>F</SPRSL>
     <ARBGB>ZTASK</ARBGB>
     <MSGNR>607</MSGNR>
     <TEXT>Veuillez saisir le nom de l&apos;Include</TEXT>
    </T100>
    <T100>
     <SPRSL>F</SPRSL>
     <ARBGB>ZTASK</ARBGB>
     <MSGNR>608</MSGNR>
     <TEXT>L&apos;Include &amp; existe déjà.</TEXT>
    </T100>
    <T100>
     <SPRSL>F</SPRSL>
     <ARBGB>ZTASK</ARBGB>
     <MSGNR>609</MSGNR>
     <TEXT>L&apos;Include &amp; n&apos;existe pas.</TEXT>
    </T100>
   </T100>
  </asx:values>
 </asx:abap>
</abapGit>
