﻿<?xml version="1.0" encoding="utf-8"?>
<abapGit version="v1.0.0" serializer="LCL_OBJECT_DTEL" serializer_version="v1.0.0">
 <asx:abap xmlns:asx="http://www.sap.com/abapxml" version="1.0">
  <asx:values>
   <DD04V>
    <ROLLNAME>ZTASK_DATA_COMPRESS_GLOBAL</ROLLNAME>
    <DDLANGUAGE>F</DDLANGUAGE>
    <DOMNAME>XSDBOOLEAN</DOMNAME>
    <HEADLEN>28</HEADLEN>
    <SCRLEN1>09</SCRLEN1>
    <SCRLEN2>15</SCRLEN2>
    <SCRLEN3>20</SCRLEN3>
    <DDTEXT>Tâche - Données - Compression données globales</DDTEXT>
    <REPTEXT>Compression données globales</REPTEXT>
    <SCRTEXT_S>Comp. glb</SCRTEXT_S>
    <SCRTEXT_M>Comp. globale</SCRTEXT_M>
    <SCRTEXT_L>Compression globale</SCRTEXT_L>
    <DTELMASTER>F</DTELMASTER>
    <REFKIND>D</REFKIND>
   </DD04V>
   <TPARA/>
  </asx:values>
 </asx:abap>
</abapGit>
