﻿<?xml version="1.0" encoding="utf-8"?>
<abapGit version="v1.0.0" serializer="LCL_OBJECT_FUGR" serializer_version="v1.0.0">
 <asx:abap xmlns:asx="http://www.sap.com/abapxml" version="1.0">
  <asx:values>
   <AREAT>ZTASK_WIZARD</AREAT>
   <INCLUDES>
    <SOBJ_NAME>LZTASK_WIZARDD01</SOBJ_NAME>
    <SOBJ_NAME>LZTASK_WIZARDFCB</SOBJ_NAME>
    <SOBJ_NAME>LZTASK_WIZARDFWZ</SOBJ_NAME>
    <SOBJ_NAME>LZTASK_WIZARDO01</SOBJ_NAME>
    <SOBJ_NAME>LZTASK_WIZARDP01</SOBJ_NAME>
    <SOBJ_NAME>LZTASK_WIZARDTOP</SOBJ_NAME>
    <SOBJ_NAME>LZTASK_WIZARDUSR</SOBJ_NAME>
    <SOBJ_NAME>SAPLZTASK_WIZARD</SOBJ_NAME>
   </INCLUDES>
   <FUNCTIONS>
    <item>
     <FUNCNAME>WZ_ZTASK_WIZARD_START</FUNCNAME>
     <INCLUDE>LZTASK_WIZARDU01</INCLUDE>
     <SHORT_TEXT>Start Wizard</SHORT_TEXT>
     <IMPORT>
      <RSIMP>
       <PARAMETER>IV_REPID_DEFAULT</PARAMETER>
       <OPTIONAL>X</OPTIONAL>
       <TYP>SY-REPID</TYP>
      </RSIMP>
     </IMPORT>
     <EXPORT>
      <RSEXP>
       <PARAMETER>ES_TASK_WIZARD_DATA</PARAMETER>
       <REFERENCE>X</REFERENCE>
       <TYP>ZTEC_S_TASK_WIZARD_DATA</TYP>
      </RSEXP>
     </EXPORT>
     <EXCEPTION>
      <RSEXC>
       <EXCEPTION>CANCELLED_BY_USER</EXCEPTION>
      </RSEXC>
      <RSEXC>
       <EXCEPTION>ERROR</EXCEPTION>
      </RSEXC>
     </EXCEPTION>
     <DOCUMENTATION>
      <RSFDO>
       <PARAMETER>IV_REPID_DEFAULT</PARAMETER>
       <KIND>P</KIND>
       <INDEX> 001</INDEX>
      </RSFDO>
      <RSFDO>
       <PARAMETER>ES_TASK_WIZARD_DATA</PARAMETER>
       <KIND>P</KIND>
       <STEXT>Tâche - Données Assistant</STEXT>
       <INDEX> 002</INDEX>
      </RSFDO>
      <RSFDO>
       <PARAMETER>CANCELLED_BY_USER</PARAMETER>
       <KIND>X</KIND>
       <INDEX> 003</INDEX>
      </RSFDO>
      <RSFDO>
       <PARAMETER>ERROR</PARAMETER>
       <KIND>X</KIND>
       <STEXT>Error occurred while performing wizard transactions</STEXT>
       <INDEX> 004</INDEX>
      </RSFDO>
     </DOCUMENTATION>
    </item>
   </FUNCTIONS>
   <DYNPROS>
    <item>
     <HEADER>
      <PROGRAM>SAPLZTASK_WIZARD</PROGRAM>
      <SCREEN>0200</SCREEN>
      <LANGUAGE>F</LANGUAGE>
      <DESCRIPT>Sélection du programme cadre</DESCRIPT>
      <TYPE>I</TYPE>
      <NEXTSCREEN>0000</NEXTSCREEN>
      <LINES>012</LINES>
      <COLUMNS>064</COLUMNS>
     </HEADER>
     <CONTAINERS>
      <RPY_DYCATT>
       <TYPE>SCREEN</TYPE>
       <NAME>SCREEN</NAME>
      </RPY_DYCATT>
      <RPY_DYCATT>
       <TYPE>RADIOGROUP</TYPE>
       <NAME>%A_GS_GLOBAL_DATA-S_TASK_WIZARD_DATA-TARGET_FRAMEWORK_INCL_DATA-INCLUDE_CREATE</NAME>
       <ELEMENT_OF>SCREEN</ELEMENT_OF>
       <LINE>003</LINE>
       <COLUMN>054</COLUMN>
       <LENGTH>001</LENGTH>
       <HEIGHT>002</HEIGHT>
      </RPY_DYCATT>
      <RPY_DYCATT>
       <TYPE>RADIOGROUP</TYPE>
       <NAME>%A_GS_GLOBAL_DATA-S_TASK_WIZARD_DATA-TARGET_SELSCREEN_INCL_DATA-INCLUDE_CREATE</NAME>
       <ELEMENT_OF>SCREEN</ELEMENT_OF>
       <LINE>006</LINE>
       <COLUMN>054</COLUMN>
       <LENGTH>001</LENGTH>
       <HEIGHT>002</HEIGHT>
      </RPY_DYCATT>
     </CONTAINERS>
     <FIELDS>
      <RPY_DYFATC>
       <CONT_TYPE>SCREEN</CONT_TYPE>
       <CONT_NAME>SCREEN</CONT_NAME>
       <TYPE>FRAME</TYPE>
       <NAME>TITLE_REPID_TARGET</NAME>
       <TEXT>Sélection_programme_cadre______________________________________</TEXT>
       <LINE>001</LINE>
       <COLUMN>001</COLUMN>
       <LENGTH>064</LENGTH>
       <VISLENGTH>064</VISLENGTH>
       <HEIGHT>008</HEIGHT>
       <FORMAT>CHAR</FORMAT>
       <REQU_ENTRY>N</REQU_ENTRY>
      </RPY_DYFATC>
      <RPY_DYFATC>
       <CONT_TYPE>SCREEN</CONT_TYPE>
       <CONT_NAME>SCREEN</CONT_NAME>
       <TYPE>TEXT</TYPE>
       <NAME>TARGET_REPID_TITLE</NAME>
       <TEXT>Programme_cadre</TEXT>
       <LINE>002</LINE>
       <COLUMN>002</COLUMN>
       <LENGTH>015</LENGTH>
       <VISLENGTH>015</VISLENGTH>
       <HEIGHT>001</HEIGHT>
       <FORMAT>CHAR</FORMAT>
       <REQU_ENTRY>N</REQU_ENTRY>
       <LABELLEFT>X</LABELLEFT>
      </RPY_DYFATC>
      <RPY_DYFATC>
       <CONT_TYPE>SCREEN</CONT_TYPE>
       <CONT_NAME>SCREEN</CONT_NAME>
       <TYPE>TEMPLATE</TYPE>
       <NAME>GS_GLOBAL_DATA-S_TASK_WIZARD_DATA-TARGET_REPID</NAME>
       <TEXT>______________________________</TEXT>
       <LINE>002</LINE>
       <COLUMN>018</COLUMN>
       <LENGTH>030</LENGTH>
       <VISLENGTH>030</VISLENGTH>
       <HEIGHT>001</HEIGHT>
       <FORMAT>CHAR</FORMAT>
       <INPUT_FLD>X</INPUT_FLD>
       <OUTPUT_FLD>X</OUTPUT_FLD>
       <REQU_ENTRY>O</REQU_ENTRY>
       <BRIGHT>X</BRIGHT>
       <MATCHCODE>PROGNAME</MATCHCODE>
      </RPY_DYFATC>
      <RPY_DYFATC>
       <CONT_TYPE>SCREEN</CONT_TYPE>
       <CONT_NAME>SCREEN</CONT_NAME>
       <TYPE>CHECK</TYPE>
       <NAME>GS_GLOBAL_DATA-S_TASK_WIZARD_DATA-TARGET_FRAMEWORK_INCL_USE</NAME>
       <LINE>003</LINE>
       <COLUMN>002</COLUMN>
       <LENGTH>001</LENGTH>
       <VISLENGTH>001</VISLENGTH>
       <HEIGHT>001</HEIGHT>
       <GROUP1>100</GROUP1>
       <PUSH_FCODE>TASK_INCL_U</PUSH_FCODE>
       <PUSH_FTYPE>P</PUSH_FTYPE>
       <FORMAT>CHAR</FORMAT>
       <INPUT_FLD>X</INPUT_FLD>
       <OUTPUT_FLD>X</OUTPUT_FLD>
      </RPY_DYFATC>
      <RPY_DYFATC>
       <CONT_TYPE>SCREEN</CONT_TYPE>
       <CONT_NAME>SCREEN</CONT_NAME>
       <TYPE>TEXT</TYPE>
       <NAME>TARGET_INCLUDE_USE_TITLE</NAME>
       <TEXT>Cadriciel_Incl._:_</TEXT>
       <LINE>003</LINE>
       <COLUMN>004</COLUMN>
       <LENGTH>018</LENGTH>
       <VISLENGTH>018</VISLENGTH>
       <HEIGHT>001</HEIGHT>
       <GROUP1>100</GROUP1>
       <FORMAT>CHAR</FORMAT>
       <REQU_ENTRY>N</REQU_ENTRY>
       <LABELLEFT>X</LABELLEFT>
       <LABELRIGHT>X</LABELRIGHT>
      </RPY_DYFATC>
      <RPY_DYFATC>
       <CONT_TYPE>SCREEN</CONT_TYPE>
       <CONT_NAME>SCREEN</CONT_NAME>
       <TYPE>TEMPLATE</TYPE>
       <NAME>GS_GLOBAL_DATA-S_TASK_WIZARD_DATA-TARGET_FRAMEWORK_INCL_DATA-INCLUDE_NAME</NAME>
       <TEXT>______________________________</TEXT>
       <LINE>003</LINE>
       <COLUMN>023</COLUMN>
       <LENGTH>030</LENGTH>
       <VISLENGTH>030</VISLENGTH>
       <HEIGHT>001</HEIGHT>
       <GROUP1>100</GROUP1>
       <GROUP2>110</GROUP2>
       <FORMAT>CHAR</FORMAT>
       <INPUT_FLD>X</INPUT_FLD>
       <OUTPUT_FLD>X</OUTPUT_FLD>
      </RPY_DYFATC>
      <RPY_DYFATC>
       <CONT_TYPE>SCREEN</CONT_TYPE>
       <CONT_NAME>SCREEN</CONT_NAME>
       <TYPE>TEXT</TYPE>
       <NAME>FRAMEWORK_INCL_CREATE_TITLE</NAME>
       <TEXT>Créer</TEXT>
       <LINE>003</LINE>
       <COLUMN>056</COLUMN>
       <LENGTH>005</LENGTH>
       <VISLENGTH>005</VISLENGTH>
       <HEIGHT>001</HEIGHT>
       <GROUP1>100</GROUP1>
       <GROUP2>110</GROUP2>
       <FORMAT>CHAR</FORMAT>
       <REQU_ENTRY>N</REQU_ENTRY>
       <LABELRIGHT>X</LABELRIGHT>
      </RPY_DYFATC>
      <RPY_DYFATC>
       <CONT_TYPE>SCREEN</CONT_TYPE>
       <CONT_NAME>SCREEN</CONT_NAME>
       <TYPE>TEXT</TYPE>
       <NAME>FRAMEWORK_INCL_CHANGE_RB_TITLE</NAME>
       <TEXT>Modifier</TEXT>
       <LINE>004</LINE>
       <COLUMN>056</COLUMN>
       <LENGTH>008</LENGTH>
       <VISLENGTH>008</VISLENGTH>
       <HEIGHT>001</HEIGHT>
       <GROUP1>100</GROUP1>
       <GROUP2>110</GROUP2>
       <FORMAT>CHAR</FORMAT>
       <REQU_ENTRY>N</REQU_ENTRY>
       <LABELRIGHT>X</LABELRIGHT>
      </RPY_DYFATC>
      <RPY_DYFATC>
       <CONT_TYPE>SCREEN</CONT_TYPE>
       <CONT_NAME>SCREEN</CONT_NAME>
       <TYPE>CHECK</TYPE>
       <NAME>GS_GLOBAL_DATA-S_TASK_WIZARD_DATA-TARGET_SELSCREEN_ADD</NAME>
       <LINE>005</LINE>
       <COLUMN>002</COLUMN>
       <LENGTH>001</LENGTH>
       <VISLENGTH>001</VISLENGTH>
       <HEIGHT>001</HEIGHT>
       <GROUP1>100</GROUP1>
       <PUSH_FCODE>SEL_ADD</PUSH_FCODE>
       <PUSH_FTYPE>P</PUSH_FTYPE>
       <FORMAT>CHAR</FORMAT>
       <INPUT_FLD>X</INPUT_FLD>
       <OUTPUT_FLD>X</OUTPUT_FLD>
      </RPY_DYFATC>
      <RPY_DYFATC>
       <CONT_TYPE>SCREEN</CONT_TYPE>
       <CONT_NAME>SCREEN</CONT_NAME>
       <TYPE>TEXT</TYPE>
       <NAME>TARGET_SELSCREEN_USE_TILTLE</NAME>
       <TEXT>Ajout_paramètres_configuration_dans_l&apos;écran_de_sélection</TEXT>
       <LINE>005</LINE>
       <COLUMN>004</COLUMN>
       <LENGTH>056</LENGTH>
       <VISLENGTH>056</VISLENGTH>
       <HEIGHT>001</HEIGHT>
       <GROUP1>100</GROUP1>
       <FORMAT>CHAR</FORMAT>
       <REQU_ENTRY>N</REQU_ENTRY>
       <LABELRIGHT>X</LABELRIGHT>
      </RPY_DYFATC>
      <RPY_DYFATC>
       <CONT_TYPE>SCREEN</CONT_TYPE>
       <CONT_NAME>SCREEN</CONT_NAME>
       <TYPE>CHECK</TYPE>
       <NAME>GS_GLOBAL_DATA-S_TASK_WIZARD_DATA-TARGET_SELSCREEN_INCL_USE</NAME>
       <LINE>006</LINE>
       <COLUMN>004</COLUMN>
       <LENGTH>001</LENGTH>
       <VISLENGTH>001</VISLENGTH>
       <HEIGHT>001</HEIGHT>
       <GROUP1>100</GROUP1>
       <GROUP2>120</GROUP2>
       <PUSH_FCODE>SEL_INCL_U</PUSH_FCODE>
       <PUSH_FTYPE>P</PUSH_FTYPE>
       <FORMAT>CHAR</FORMAT>
       <INPUT_FLD>X</INPUT_FLD>
       <OUTPUT_FLD>X</OUTPUT_FLD>
      </RPY_DYFATC>
      <RPY_DYFATC>
       <CONT_TYPE>SCREEN</CONT_TYPE>
       <CONT_NAME>SCREEN</CONT_NAME>
       <TYPE>TEXT</TYPE>
       <NAME>TARGET_SELSCREEN_ADD_TITLE</NAME>
       <TEXT>Utiliser_Incl._:</TEXT>
       <LINE>006</LINE>
       <COLUMN>006</COLUMN>
       <LENGTH>016</LENGTH>
       <VISLENGTH>016</VISLENGTH>
       <HEIGHT>001</HEIGHT>
       <GROUP1>100</GROUP1>
       <GROUP2>120</GROUP2>
       <GROUP3>121</GROUP3>
       <FORMAT>CHAR</FORMAT>
       <REQU_ENTRY>N</REQU_ENTRY>
       <LABELLEFT>X</LABELLEFT>
       <LABELRIGHT>X</LABELRIGHT>
      </RPY_DYFATC>
      <RPY_DYFATC>
       <CONT_TYPE>SCREEN</CONT_TYPE>
       <CONT_NAME>SCREEN</CONT_NAME>
       <TYPE>TEMPLATE</TYPE>
       <NAME>GS_GLOBAL_DATA-S_TASK_WIZARD_DATA-TARGET_SELSCREEN_INCL_DATA-INCLUDE_NAME</NAME>
       <TEXT>______________________________</TEXT>
       <LINE>006</LINE>
       <COLUMN>023</COLUMN>
       <LENGTH>030</LENGTH>
       <VISLENGTH>030</VISLENGTH>
       <HEIGHT>001</HEIGHT>
       <GROUP1>100</GROUP1>
       <GROUP2>120</GROUP2>
       <GROUP3>121</GROUP3>
       <FORMAT>CHAR</FORMAT>
       <INPUT_FLD>X</INPUT_FLD>
       <OUTPUT_FLD>X</OUTPUT_FLD>
      </RPY_DYFATC>
      <RPY_DYFATC>
       <CONT_TYPE>SCREEN</CONT_TYPE>
       <CONT_NAME>SCREEN</CONT_NAME>
       <TYPE>TEXT</TYPE>
       <NAME>%#AUTOTEXT001</NAME>
       <TEXT>Créer</TEXT>
       <LINE>006</LINE>
       <COLUMN>056</COLUMN>
       <LENGTH>005</LENGTH>
       <VISLENGTH>005</VISLENGTH>
       <HEIGHT>001</HEIGHT>
       <GROUP1>100</GROUP1>
       <GROUP2>120</GROUP2>
       <GROUP3>121</GROUP3>
       <FORMAT>CHAR</FORMAT>
       <REQU_ENTRY>N</REQU_ENTRY>
       <LABELRIGHT>X</LABELRIGHT>
      </RPY_DYFATC>
      <RPY_DYFATC>
       <CONT_TYPE>SCREEN</CONT_TYPE>
       <CONT_NAME>SCREEN</CONT_NAME>
       <TYPE>TEXT</TYPE>
       <NAME>TARGET_SELSCREEN_INCL_CHANGE_TITLE</NAME>
       <TEXT>Modifier</TEXT>
       <LINE>007</LINE>
       <COLUMN>056</COLUMN>
       <LENGTH>008</LENGTH>
       <VISLENGTH>008</VISLENGTH>
       <HEIGHT>001</HEIGHT>
       <GROUP1>100</GROUP1>
       <GROUP2>120</GROUP2>
       <GROUP3>121</GROUP3>
       <FORMAT>CHAR</FORMAT>
       <REQU_ENTRY>N</REQU_ENTRY>
       <LABELRIGHT>X</LABELRIGHT>
      </RPY_DYFATC>
      <RPY_DYFATC>
       <CONT_TYPE>SCREEN</CONT_TYPE>
       <CONT_NAME>SCREEN</CONT_NAME>
       <TYPE>FRAME</TYPE>
       <NAME>TASK_TEMPLATE</NAME>
       <TEXT>Sélection_Template_Cadriciel_Tâche_____________________________</TEXT>
       <LINE>009</LINE>
       <COLUMN>001</COLUMN>
       <LENGTH>064</LENGTH>
       <VISLENGTH>064</VISLENGTH>
       <HEIGHT>004</HEIGHT>
       <FORMAT>CHAR</FORMAT>
       <REQU_ENTRY>N</REQU_ENTRY>
      </RPY_DYFATC>
      <RPY_DYFATC>
       <CONT_TYPE>SCREEN</CONT_TYPE>
       <CONT_NAME>SCREEN</CONT_NAME>
       <TYPE>TEXT</TYPE>
       <NAME>TASK_TEMPLATE_REPID_TITLE</NAME>
       <TEXT>Template_Cadriciel___</TEXT>
       <LINE>010</LINE>
       <COLUMN>002</COLUMN>
       <LENGTH>021</LENGTH>
       <VISLENGTH>021</VISLENGTH>
       <HEIGHT>001</HEIGHT>
       <FORMAT>CHAR</FORMAT>
       <REQU_ENTRY>N</REQU_ENTRY>
       <LABELLEFT>X</LABELLEFT>
      </RPY_DYFATC>
      <RPY_DYFATC>
       <CONT_TYPE>SCREEN</CONT_TYPE>
       <CONT_NAME>SCREEN</CONT_NAME>
       <TYPE>TEMPLATE</TYPE>
       <NAME>GS_GLOBAL_DATA-S_TASK_WIZARD_DATA-TASK_TEMPLATE_REPID</NAME>
       <TEXT>______________________________</TEXT>
       <LINE>010</LINE>
       <COLUMN>024</COLUMN>
       <LENGTH>030</LENGTH>
       <VISLENGTH>030</VISLENGTH>
       <HEIGHT>001</HEIGHT>
       <FORMAT>CHAR</FORMAT>
       <OUTPUT_FLD>X</OUTPUT_FLD>
       <REQU_ENTRY>N</REQU_ENTRY>
      </RPY_DYFATC>
      <RPY_DYFATC>
       <CONT_TYPE>SCREEN</CONT_TYPE>
       <CONT_NAME>SCREEN</CONT_NAME>
       <TYPE>TEXT</TYPE>
       <NAME>TASK_CLASS_REPLACE_TITLE</NAME>
       <TEXT>Nouveau_Nom_cadriciel</TEXT>
       <LINE>011</LINE>
       <COLUMN>002</COLUMN>
       <LENGTH>021</LENGTH>
       <VISLENGTH>021</VISLENGTH>
       <HEIGHT>001</HEIGHT>
       <FORMAT>CHAR</FORMAT>
       <REQU_ENTRY>N</REQU_ENTRY>
       <LABELLEFT>X</LABELLEFT>
      </RPY_DYFATC>
      <RPY_DYFATC>
       <CONT_TYPE>SCREEN</CONT_TYPE>
       <CONT_NAME>SCREEN</CONT_NAME>
       <TYPE>TEMPLATE</TYPE>
       <NAME>GS_GLOBAL_DATA-S_TASK_WIZARD_DATA-TASK_CLASS_REPLACE</NAME>
       <TEXT>______________________________</TEXT>
       <LINE>011</LINE>
       <COLUMN>024</COLUMN>
       <LENGTH>030</LENGTH>
       <VISLENGTH>030</VISLENGTH>
       <HEIGHT>001</HEIGHT>
       <FORMAT>CHAR</FORMAT>
       <INPUT_FLD>X</INPUT_FLD>
       <OUTPUT_FLD>X</OUTPUT_FLD>
       <REQU_ENTRY>R</REQU_ENTRY>
      </RPY_DYFATC>
      <RPY_DYFATC>
       <CONT_TYPE>SCREEN</CONT_TYPE>
       <CONT_NAME>SCREEN</CONT_NAME>
       <TYPE>OKCODE</TYPE>
       <TEXT>____________________</TEXT>
       <LENGTH>020</LENGTH>
       <VISLENGTH>020</VISLENGTH>
       <HEIGHT>001</HEIGHT>
       <FORMAT>CHAR</FORMAT>
       <INPUT_FLD>X</INPUT_FLD>
      </RPY_DYFATC>
      <RPY_DYFATC>
       <CONT_TYPE>RADIOGROUP</CONT_TYPE>
       <CONT_NAME>%A_GS_GLOBAL_DATA-S_TASK_WIZARD_DATA-TARGET_FRAMEWORK_INCL_DATA-INCLUDE_CREATE</CONT_NAME>
       <TYPE>RADIO</TYPE>
       <NAME>GS_GLOBAL_DATA-S_TASK_WIZARD_DATA-TARGET_FRAMEWORK_INCL_DATA-INCLUDE_CREATE</NAME>
       <LINE>003</LINE>
       <COLUMN>054</COLUMN>
       <LENGTH>001</LENGTH>
       <VISLENGTH>001</VISLENGTH>
       <HEIGHT>001</HEIGHT>
       <GROUP1>100</GROUP1>
       <GROUP2>110</GROUP2>
       <PUSH_FCODE>TASK_INCL_R</PUSH_FCODE>
       <PUSH_FTYPE>P</PUSH_FTYPE>
       <FORMAT>CHAR</FORMAT>
       <INPUT_FLD>X</INPUT_FLD>
       <OUTPUT_FLD>X</OUTPUT_FLD>
      </RPY_DYFATC>
      <RPY_DYFATC>
       <CONT_TYPE>RADIOGROUP</CONT_TYPE>
       <CONT_NAME>%A_GS_GLOBAL_DATA-S_TASK_WIZARD_DATA-TARGET_FRAMEWORK_INCL_DATA-INCLUDE_CREATE</CONT_NAME>
       <TYPE>RADIO</TYPE>
       <NAME>GS_GLOBAL_DATA-S_TASK_WIZARD_DATA-TARGET_FRAMEWORK_INCL_DATA-INCLUDE_CHANGE</NAME>
       <LINE>004</LINE>
       <COLUMN>054</COLUMN>
       <LENGTH>001</LENGTH>
       <VISLENGTH>001</VISLENGTH>
       <HEIGHT>001</HEIGHT>
       <GROUP1>100</GROUP1>
       <GROUP2>110</GROUP2>
       <PUSH_FCODE>TASK_INCL_R</PUSH_FCODE>
       <PUSH_FTYPE>P</PUSH_FTYPE>
       <FORMAT>CHAR</FORMAT>
       <INPUT_FLD>X</INPUT_FLD>
       <OUTPUT_FLD>X</OUTPUT_FLD>
      </RPY_DYFATC>
      <RPY_DYFATC>
       <CONT_TYPE>RADIOGROUP</CONT_TYPE>
       <CONT_NAME>%A_GS_GLOBAL_DATA-S_TASK_WIZARD_DATA-TARGET_SELSCREEN_INCL_DATA-INCLUDE_CREATE</CONT_NAME>
       <TYPE>RADIO</TYPE>
       <NAME>GS_GLOBAL_DATA-S_TASK_WIZARD_DATA-TARGET_SELSCREEN_INCL_DATA-INCLUDE_CREATE</NAME>
       <LINE>006</LINE>
       <COLUMN>054</COLUMN>
       <LENGTH>001</LENGTH>
       <VISLENGTH>001</VISLENGTH>
       <HEIGHT>001</HEIGHT>
       <GROUP1>100</GROUP1>
       <GROUP2>120</GROUP2>
       <GROUP3>121</GROUP3>
       <PUSH_FCODE>SEL_INCL_R</PUSH_FCODE>
       <PUSH_FTYPE>P</PUSH_FTYPE>
       <FORMAT>CHAR</FORMAT>
       <INPUT_FLD>X</INPUT_FLD>
       <OUTPUT_FLD>X</OUTPUT_FLD>
      </RPY_DYFATC>
      <RPY_DYFATC>
       <CONT_TYPE>RADIOGROUP</CONT_TYPE>
       <CONT_NAME>%A_GS_GLOBAL_DATA-S_TASK_WIZARD_DATA-TARGET_SELSCREEN_INCL_DATA-INCLUDE_CREATE</CONT_NAME>
       <TYPE>RADIO</TYPE>
       <NAME>GS_GLOBAL_DATA-S_TASK_WIZARD_DATA-TARGET_SELSCREEN_INCL_DATA-INCLUDE_CHANGE</NAME>
       <LINE>007</LINE>
       <COLUMN>054</COLUMN>
       <LENGTH>001</LENGTH>
       <VISLENGTH>001</VISLENGTH>
       <HEIGHT>001</HEIGHT>
       <GROUP1>100</GROUP1>
       <GROUP2>120</GROUP2>
       <GROUP3>121</GROUP3>
       <PUSH_FCODE>SEL_INCL_R</PUSH_FCODE>
       <PUSH_FTYPE>P</PUSH_FTYPE>
       <FORMAT>CHAR</FORMAT>
       <INPUT_FLD>X</INPUT_FLD>
       <OUTPUT_FLD>X</OUTPUT_FLD>
      </RPY_DYFATC>
     </FIELDS>
     <FLOW_LOGIC>
      <RPY_DYFLOW>
       <LINE>PROCESS BEFORE OUTPUT.</LINE>
      </RPY_DYFLOW>
      <RPY_DYFLOW>
       <LINE>MODULE pbo_0200.</LINE>
      </RPY_DYFLOW>
      <RPY_DYFLOW/>
      <RPY_DYFLOW>
       <LINE>PROCESS AFTER INPUT.</LINE>
      </RPY_DYFLOW>
      <RPY_DYFLOW>
       <LINE>MODULE wz_user_command_wizard.</LINE>
      </RPY_DYFLOW>
      <RPY_DYFLOW>
       <LINE>* user defined modules</LINE>
      </RPY_DYFLOW>
      <RPY_DYFLOW/>
      <RPY_DYFLOW>
       <LINE>MODULE usr_check_consistency_0200.</LINE>
      </RPY_DYFLOW>
     </FLOW_LOGIC>
     <SPACES>
      <item>0</item>
      <item>2</item>
      <item>0</item>
      <item>0</item>
      <item>2</item>
      <item>0</item>
      <item>0</item>
      <item>2</item>
     </SPACES>
    </item>
    <item>
     <HEADER>
      <PROGRAM>SAPLZTASK_WIZARD</PROGRAM>
      <SCREEN>0300</SCREEN>
      <LANGUAGE>F</LANGUAGE>
      <DESCRIPT>Sélection des traitements à paralléliser - MF</DESCRIPT>
      <TYPE>I</TYPE>
      <NEXTSCREEN>0000</NEXTSCREEN>
      <LINES>011</LINES>
      <COLUMNS>064</COLUMNS>
     </HEADER>
     <CONTAINERS>
      <RPY_DYCATT>
       <TYPE>SCREEN</TYPE>
       <NAME>SCREEN</NAME>
      </RPY_DYCATT>
      <RPY_DYCATT>
       <TYPE>CUST_CTRL</TYPE>
       <NAME>CC_ALV_0300</NAME>
       <ELEMENT_OF>SCREEN</ELEMENT_OF>
       <LINE>001</LINE>
       <COLUMN>001</COLUMN>
       <LENGTH>064</LENGTH>
       <HEIGHT>011</HEIGHT>
       <C_LINE_MIN>001</C_LINE_MIN>
       <C_COLN_MIN>001</C_COLN_MIN>
      </RPY_DYCATT>
     </CONTAINERS>
     <FIELDS>
      <RPY_DYFATC>
       <CONT_TYPE>SCREEN</CONT_TYPE>
       <CONT_NAME>SCREEN</CONT_NAME>
       <TYPE>OKCODE</TYPE>
       <TEXT>____________________</TEXT>
       <LENGTH>020</LENGTH>
       <VISLENGTH>020</VISLENGTH>
       <HEIGHT>001</HEIGHT>
       <FORMAT>CHAR</FORMAT>
       <INPUT_FLD>X</INPUT_FLD>
      </RPY_DYFATC>
     </FIELDS>
     <FLOW_LOGIC>
      <RPY_DYFLOW>
       <LINE>PROCESS BEFORE OUTPUT.</LINE>
      </RPY_DYFLOW>
      <RPY_DYFLOW>
       <LINE>MODULE pbo_0300.</LINE>
      </RPY_DYFLOW>
      <RPY_DYFLOW/>
      <RPY_DYFLOW>
       <LINE>PROCESS AFTER INPUT.</LINE>
      </RPY_DYFLOW>
      <RPY_DYFLOW>
       <LINE>MODULE wz_user_command_wizard.</LINE>
      </RPY_DYFLOW>
      <RPY_DYFLOW>
       <LINE>* user defined modules</LINE>
      </RPY_DYFLOW>
      <RPY_DYFLOW/>
      <RPY_DYFLOW>
       <LINE>MODULE usr_check_consistency_0300.</LINE>
      </RPY_DYFLOW>
     </FLOW_LOGIC>
     <SPACES>
      <item>0</item>
      <item>2</item>
      <item>0</item>
      <item>0</item>
      <item>2</item>
      <item>0</item>
      <item>0</item>
      <item>2</item>
     </SPACES>
    </item>
    <item>
     <HEADER>
      <PROGRAM>SAPLZTASK_WIZARD</PROGRAM>
      <SCREEN>0400</SCREEN>
      <LANGUAGE>F</LANGUAGE>
      <DESCRIPT>Sélection des traitements à paralléliser - Méthode</DESCRIPT>
      <TYPE>I</TYPE>
      <NEXTSCREEN>0000</NEXTSCREEN>
      <LINES>011</LINES>
      <COLUMNS>064</COLUMNS>
     </HEADER>
     <CONTAINERS>
      <RPY_DYCATT>
       <TYPE>SCREEN</TYPE>
       <NAME>SCREEN</NAME>
      </RPY_DYCATT>
      <RPY_DYCATT>
       <TYPE>CUST_CTRL</TYPE>
       <NAME>CC_ALV_0400</NAME>
       <ELEMENT_OF>SCREEN</ELEMENT_OF>
       <LINE>001</LINE>
       <COLUMN>001</COLUMN>
       <LENGTH>064</LENGTH>
       <HEIGHT>011</HEIGHT>
       <C_LINE_MIN>001</C_LINE_MIN>
       <C_COLN_MIN>001</C_COLN_MIN>
      </RPY_DYCATT>
     </CONTAINERS>
     <FIELDS>
      <RPY_DYFATC>
       <CONT_TYPE>SCREEN</CONT_TYPE>
       <CONT_NAME>SCREEN</CONT_NAME>
       <TYPE>OKCODE</TYPE>
       <TEXT>____________________</TEXT>
       <LENGTH>020</LENGTH>
       <VISLENGTH>020</VISLENGTH>
       <HEIGHT>001</HEIGHT>
       <FORMAT>CHAR</FORMAT>
       <INPUT_FLD>X</INPUT_FLD>
      </RPY_DYFATC>
     </FIELDS>
     <FLOW_LOGIC>
      <RPY_DYFLOW>
       <LINE>PROCESS BEFORE OUTPUT.</LINE>
      </RPY_DYFLOW>
      <RPY_DYFLOW>
       <LINE>MODULE pbo_0400.</LINE>
      </RPY_DYFLOW>
      <RPY_DYFLOW/>
      <RPY_DYFLOW>
       <LINE>PROCESS AFTER INPUT.</LINE>
      </RPY_DYFLOW>
      <RPY_DYFLOW>
       <LINE>MODULE wz_user_command_wizard.</LINE>
      </RPY_DYFLOW>
      <RPY_DYFLOW>
       <LINE>* user defined modules</LINE>
      </RPY_DYFLOW>
      <RPY_DYFLOW/>
      <RPY_DYFLOW>
       <LINE>MODULE usr_check_consistency_0400.</LINE>
      </RPY_DYFLOW>
     </FLOW_LOGIC>
     <SPACES>
      <item>0</item>
      <item>2</item>
      <item>0</item>
      <item>0</item>
      <item>2</item>
      <item>0</item>
      <item>0</item>
      <item>2</item>
     </SPACES>
    </item>
    <item>
     <HEADER>
      <PROGRAM>SAPLZTASK_WIZARD</PROGRAM>
      <SCREEN>0500</SCREEN>
      <LANGUAGE>F</LANGUAGE>
      <DESCRIPT>Configuration de la parallélisation</DESCRIPT>
      <TYPE>I</TYPE>
      <NEXTSCREEN>0000</NEXTSCREEN>
      <LINES>012</LINES>
      <COLUMNS>064</COLUMNS>
     </HEADER>
     <CONTAINERS>
      <RPY_DYCATT>
       <TYPE>SCREEN</TYPE>
       <NAME>SCREEN</NAME>
      </RPY_DYCATT>
      <RPY_DYCATT>
       <TYPE>RADIOGROUP</TYPE>
       <NAME>%A_GS_GLOBAL_DATA-S_TASK_WIZARD_DATA-SERVER_DEFAULT</NAME>
       <ELEMENT_OF>SCREEN</ELEMENT_OF>
       <LINE>002</LINE>
       <COLUMN>003</COLUMN>
       <LENGTH>001</LENGTH>
       <HEIGHT>002</HEIGHT>
      </RPY_DYCATT>
      <RPY_DYCATT>
       <TYPE>RADIOGROUP</TYPE>
       <NAME>%A_GS_GLOBAL_DATA-S_TASK_WIZARD_DATA-COMPRESS_MODE-DATA_COMPRESS_LINE_BY_LINE</NAME>
       <ELEMENT_OF>SCREEN</ELEMENT_OF>
       <LINE>009</LINE>
       <COLUMN>004</COLUMN>
       <LENGTH>001</LENGTH>
       <HEIGHT>002</HEIGHT>
      </RPY_DYCATT>
     </CONTAINERS>
     <FIELDS>
      <RPY_DYFATC>
       <CONT_TYPE>SCREEN</CONT_TYPE>
       <CONT_NAME>SCREEN</CONT_NAME>
       <TYPE>FRAME</TYPE>
       <NAME>CADRE_GRFC</NAME>
       <TEXT>Groupe_de_Serveur______________________________</TEXT>
       <LINE>001</LINE>
       <COLUMN>001</COLUMN>
       <LENGTH>048</LENGTH>
       <VISLENGTH>048</VISLENGTH>
       <HEIGHT>006</HEIGHT>
       <FORMAT>CHAR</FORMAT>
       <REQU_ENTRY>N</REQU_ENTRY>
      </RPY_DYFATC>
      <RPY_DYFATC>
       <CONT_TYPE>SCREEN</CONT_TYPE>
       <CONT_NAME>SCREEN</CONT_NAME>
       <TYPE>TEXT</TYPE>
       <NAME>SERVER_DEFAULT_TITLE</NAME>
       <TEXT>Utiliser_Groupe_de_Serveur_par_défaut</TEXT>
       <LINE>002</LINE>
       <COLUMN>005</COLUMN>
       <LENGTH>037</LENGTH>
       <VISLENGTH>037</VISLENGTH>
       <HEIGHT>001</HEIGHT>
       <FORMAT>CHAR</FORMAT>
       <REQU_ENTRY>N</REQU_ENTRY>
       <LABELRIGHT>X</LABELRIGHT>
      </RPY_DYFATC>
      <RPY_DYFATC>
       <CONT_TYPE>SCREEN</CONT_TYPE>
       <CONT_NAME>SCREEN</CONT_NAME>
       <TYPE>TEXT</TYPE>
       <NAME>SERVER_USER_TITLE</NAME>
       <TEXT>Sélectionner_Groupe_de_Serveur</TEXT>
       <LINE>003</LINE>
       <COLUMN>005</COLUMN>
       <LENGTH>030</LENGTH>
       <VISLENGTH>030</VISLENGTH>
       <HEIGHT>001</HEIGHT>
       <FORMAT>CHAR</FORMAT>
       <REQU_ENTRY>N</REQU_ENTRY>
       <LABELRIGHT>X</LABELRIGHT>
      </RPY_DYFATC>
      <RPY_DYFATC>
       <CONT_TYPE>SCREEN</CONT_TYPE>
       <CONT_NAME>SCREEN</CONT_NAME>
       <TYPE>TEXT</TYPE>
       <NAME>GRFC_TITLE</NAME>
       <TEXT>Groupe_de_Serveur__________________________</TEXT>
       <ICON_NAME>ICON_SAP_LOGON_GROUP</ICON_NAME>
       <WITH_ICON>X</WITH_ICON>
       <LINE>004</LINE>
       <COLUMN>005</COLUMN>
       <LENGTH>048</LENGTH>
       <VISLENGTH>021</VISLENGTH>
       <HEIGHT>001</HEIGHT>
       <FORMAT>CHAR</FORMAT>
       <REQU_ENTRY>N</REQU_ENTRY>
       <LABELLEFT>X</LABELLEFT>
      </RPY_DYFATC>
      <RPY_DYFATC>
       <CONT_TYPE>SCREEN</CONT_TYPE>
       <CONT_NAME>SCREEN</CONT_NAME>
       <TYPE>TEMPLATE</TYPE>
       <NAME>GS_GLOBAL_DATA-S_TASK_WIZARD_DATA-GRFC</NAME>
       <TEXT>__________________</TEXT>
       <LINE>004</LINE>
       <COLUMN>027</COLUMN>
       <LENGTH>018</LENGTH>
       <VISLENGTH>018</VISLENGTH>
       <HEIGHT>001</HEIGHT>
       <GROUP1>100</GROUP1>
       <FORMAT>CHAR</FORMAT>
       <INPUT_FLD>X</INPUT_FLD>
       <OUTPUT_FLD>X</OUTPUT_FLD>
       <REQU_ENTRY>R</REQU_ENTRY>
       <MATCHCODE>SWESRVGRP</MATCHCODE>
      </RPY_DYFATC>
      <RPY_DYFATC>
       <CONT_TYPE>SCREEN</CONT_TYPE>
       <CONT_NAME>SCREEN</CONT_NAME>
       <TYPE>TEXT</TYPE>
       <NAME>TASK_MAX_TITLE</NAME>
       <TEXT>Nombre_de_Tâche</TEXT>
       <LINE>005</LINE>
       <COLUMN>003</COLUMN>
       <LENGTH>015</LENGTH>
       <VISLENGTH>015</VISLENGTH>
       <HEIGHT>001</HEIGHT>
       <FORMAT>CHAR</FORMAT>
       <REQU_ENTRY>N</REQU_ENTRY>
       <LABELLEFT>X</LABELLEFT>
      </RPY_DYFATC>
      <RPY_DYFATC>
       <CONT_TYPE>SCREEN</CONT_TYPE>
       <CONT_NAME>SCREEN</CONT_NAME>
       <TYPE>TEMPLATE</TYPE>
       <NAME>GS_GLOBAL_DATA-S_TASK_WIZARD_DATA-TASK_MAX</NAME>
       <TEXT>_______</TEXT>
       <LINE>005</LINE>
       <COLUMN>019</COLUMN>
       <LENGTH>007</LENGTH>
       <VISLENGTH>007</VISLENGTH>
       <HEIGHT>001</HEIGHT>
       <FORMAT>INT4</FORMAT>
       <INPUT_FLD>X</INPUT_FLD>
       <OUTPUT_FLD>X</OUTPUT_FLD>
       <REQU_ENTRY>O</REQU_ENTRY>
      </RPY_DYFATC>
      <RPY_DYFATC>
       <CONT_TYPE>SCREEN</CONT_TYPE>
       <CONT_NAME>SCREEN</CONT_NAME>
       <TYPE>FRAME</TYPE>
       <NAME>PARAMETER_TASK_MANAGER</NAME>
       <TEXT>Options_supplémentaires________________________</TEXT>
       <LINE>007</LINE>
       <COLUMN>001</COLUMN>
       <LENGTH>048</LENGTH>
       <VISLENGTH>048</VISLENGTH>
       <HEIGHT>006</HEIGHT>
       <FORMAT>CHAR</FORMAT>
       <REQU_ENTRY>N</REQU_ENTRY>
      </RPY_DYFATC>
      <RPY_DYFATC>
       <CONT_TYPE>SCREEN</CONT_TYPE>
       <CONT_NAME>SCREEN</CONT_NAME>
       <TYPE>CHECK</TYPE>
       <NAME>GS_GLOBAL_DATA-S_TASK_WIZARD_DATA-COMPRESS_ACTIV</NAME>
       <LINE>008</LINE>
       <COLUMN>002</COLUMN>
       <LENGTH>001</LENGTH>
       <VISLENGTH>001</VISLENGTH>
       <HEIGHT>001</HEIGHT>
       <PUSH_FCODE>COMP_SEL</PUSH_FCODE>
       <PUSH_FTYPE>P</PUSH_FTYPE>
       <FORMAT>CHAR</FORMAT>
       <INPUT_FLD>X</INPUT_FLD>
       <OUTPUT_FLD>X</OUTPUT_FLD>
      </RPY_DYFATC>
      <RPY_DYFATC>
       <CONT_TYPE>SCREEN</CONT_TYPE>
       <CONT_NAME>SCREEN</CONT_NAME>
       <TYPE>TEXT</TYPE>
       <NAME>COMPRESS_ACTIV_TITLE</NAME>
       <TEXT>Activer_la_Compression</TEXT>
       <LINE>008</LINE>
       <COLUMN>004</COLUMN>
       <LENGTH>022</LENGTH>
       <VISLENGTH>022</VISLENGTH>
       <HEIGHT>001</HEIGHT>
       <FORMAT>CHAR</FORMAT>
       <REQU_ENTRY>N</REQU_ENTRY>
       <LABELRIGHT>X</LABELRIGHT>
      </RPY_DYFATC>
      <RPY_DYFATC>
       <CONT_TYPE>SCREEN</CONT_TYPE>
       <CONT_NAME>SCREEN</CONT_NAME>
       <TYPE>TEXT</TYPE>
       <NAME>COMPRESS_MODE_LINE_BY_LINE</NAME>
       <TEXT>Compression_Ligne-à-Ligne</TEXT>
       <LINE>009</LINE>
       <COLUMN>006</COLUMN>
       <LENGTH>025</LENGTH>
       <VISLENGTH>025</VISLENGTH>
       <HEIGHT>001</HEIGHT>
       <FORMAT>CHAR</FORMAT>
       <REQU_ENTRY>N</REQU_ENTRY>
       <LABELRIGHT>X</LABELRIGHT>
      </RPY_DYFATC>
      <RPY_DYFATC>
       <CONT_TYPE>SCREEN</CONT_TYPE>
       <CONT_NAME>SCREEN</CONT_NAME>
       <TYPE>TEXT</TYPE>
       <NAME>COMPRESS_MODE_GLOBAL_TITLE</NAME>
       <TEXT>Compression_Globale</TEXT>
       <LINE>010</LINE>
       <COLUMN>006</COLUMN>
       <LENGTH>019</LENGTH>
       <VISLENGTH>019</VISLENGTH>
       <HEIGHT>001</HEIGHT>
       <FORMAT>CHAR</FORMAT>
       <REQU_ENTRY>N</REQU_ENTRY>
       <LABELRIGHT>X</LABELRIGHT>
      </RPY_DYFATC>
      <RPY_DYFATC>
       <CONT_TYPE>SCREEN</CONT_TYPE>
       <CONT_NAME>SCREEN</CONT_NAME>
       <TYPE>CHECK</TYPE>
       <NAME>GS_GLOBAL_DATA-S_TASK_WIZARD_DATA-SHM_MANAGEMENT</NAME>
       <LINE>011</LINE>
       <COLUMN>002</COLUMN>
       <LENGTH>001</LENGTH>
       <VISLENGTH>001</VISLENGTH>
       <HEIGHT>001</HEIGHT>
       <PUSH_FCODE>SHM_SEL</PUSH_FCODE>
       <PUSH_FTYPE>P</PUSH_FTYPE>
       <FORMAT>CHAR</FORMAT>
       <INPUT_FLD>X</INPUT_FLD>
       <OUTPUT_FLD>X</OUTPUT_FLD>
      </RPY_DYFATC>
      <RPY_DYFATC>
       <CONT_TYPE>SCREEN</CONT_TYPE>
       <CONT_NAME>SCREEN</CONT_NAME>
       <TYPE>TEXT</TYPE>
       <NAME>SHM_MANAGEMENT_TITLE</NAME>
       <TEXT>Gestion_auto._de_la_SHM</TEXT>
       <LINE>011</LINE>
       <COLUMN>004</COLUMN>
       <LENGTH>023</LENGTH>
       <VISLENGTH>023</VISLENGTH>
       <HEIGHT>001</HEIGHT>
       <FORMAT>CHAR</FORMAT>
       <REQU_ENTRY>N</REQU_ENTRY>
       <LABELRIGHT>X</LABELRIGHT>
      </RPY_DYFATC>
      <RPY_DYFATC>
       <CONT_TYPE>SCREEN</CONT_TYPE>
       <CONT_NAME>SCREEN</CONT_NAME>
       <TYPE>CHECK</TYPE>
       <NAME>GS_GLOBAL_DATA-S_TASK_WIZARD_DATA-TRACE_ACTIV</NAME>
       <LINE>011</LINE>
       <COLUMN>032</COLUMN>
       <LENGTH>001</LENGTH>
       <VISLENGTH>001</VISLENGTH>
       <HEIGHT>001</HEIGHT>
       <PUSH_FCODE>TRACE_SEL</PUSH_FCODE>
       <PUSH_FTYPE>P</PUSH_FTYPE>
       <FORMAT>CHAR</FORMAT>
       <INPUT_FLD>X</INPUT_FLD>
       <OUTPUT_FLD>X</OUTPUT_FLD>
      </RPY_DYFATC>
      <RPY_DYFATC>
       <CONT_TYPE>SCREEN</CONT_TYPE>
       <CONT_NAME>SCREEN</CONT_NAME>
       <TYPE>TEXT</TYPE>
       <NAME>TRACE_ACTIV_TITLE</NAME>
       <TEXT>Activer_Trace</TEXT>
       <LINE>011</LINE>
       <COLUMN>034</COLUMN>
       <LENGTH>013</LENGTH>
       <VISLENGTH>013</VISLENGTH>
       <HEIGHT>001</HEIGHT>
       <FORMAT>CHAR</FORMAT>
       <REQU_ENTRY>N</REQU_ENTRY>
       <LABELRIGHT>X</LABELRIGHT>
      </RPY_DYFATC>
      <RPY_DYFATC>
       <CONT_TYPE>SCREEN</CONT_TYPE>
       <CONT_NAME>SCREEN</CONT_NAME>
       <TYPE>OKCODE</TYPE>
       <TEXT>____________________</TEXT>
       <LENGTH>020</LENGTH>
       <VISLENGTH>020</VISLENGTH>
       <HEIGHT>001</HEIGHT>
       <FORMAT>CHAR</FORMAT>
       <INPUT_FLD>X</INPUT_FLD>
      </RPY_DYFATC>
      <RPY_DYFATC>
       <CONT_TYPE>RADIOGROUP</CONT_TYPE>
       <CONT_NAME>%A_GS_GLOBAL_DATA-S_TASK_WIZARD_DATA-SERVER_DEFAULT</CONT_NAME>
       <TYPE>RADIO</TYPE>
       <NAME>GS_GLOBAL_DATA-S_TASK_WIZARD_DATA-SERVER_DEFAULT</NAME>
       <LINE>002</LINE>
       <COLUMN>003</COLUMN>
       <LENGTH>001</LENGTH>
       <VISLENGTH>001</VISLENGTH>
       <HEIGHT>001</HEIGHT>
       <PUSH_FCODE>GRFC_SEL</PUSH_FCODE>
       <PUSH_FTYPE>P</PUSH_FTYPE>
       <FORMAT>CHAR</FORMAT>
       <INPUT_FLD>X</INPUT_FLD>
       <OUTPUT_FLD>X</OUTPUT_FLD>
      </RPY_DYFATC>
      <RPY_DYFATC>
       <CONT_TYPE>RADIOGROUP</CONT_TYPE>
       <CONT_NAME>%A_GS_GLOBAL_DATA-S_TASK_WIZARD_DATA-SERVER_DEFAULT</CONT_NAME>
       <TYPE>RADIO</TYPE>
       <NAME>GS_GLOBAL_DATA-S_TASK_WIZARD_DATA-SERVER_USER</NAME>
       <LINE>003</LINE>
       <COLUMN>003</COLUMN>
       <LENGTH>001</LENGTH>
       <VISLENGTH>001</VISLENGTH>
       <HEIGHT>001</HEIGHT>
       <PUSH_FCODE>GRFC_SEL</PUSH_FCODE>
       <PUSH_FTYPE>P</PUSH_FTYPE>
       <FORMAT>CHAR</FORMAT>
       <INPUT_FLD>X</INPUT_FLD>
       <OUTPUT_FLD>X</OUTPUT_FLD>
      </RPY_DYFATC>
      <RPY_DYFATC>
       <CONT_TYPE>RADIOGROUP</CONT_TYPE>
       <CONT_NAME>%A_GS_GLOBAL_DATA-S_TASK_WIZARD_DATA-COMPRESS_MODE-DATA_COMPRESS_LINE_BY_LINE</CONT_NAME>
       <TYPE>RADIO</TYPE>
       <NAME>GS_GLOBAL_DATA-S_TASK_WIZARD_DATA-COMPRESS_MODE-DATA_COMPRESS_LINE_BY_LINE</NAME>
       <LINE>009</LINE>
       <COLUMN>004</COLUMN>
       <LENGTH>001</LENGTH>
       <VISLENGTH>001</VISLENGTH>
       <HEIGHT>001</HEIGHT>
       <GROUP1>200</GROUP1>
       <PUSH_FCODE>COMP_M_SEL</PUSH_FCODE>
       <PUSH_FTYPE>P</PUSH_FTYPE>
       <FORMAT>CHAR</FORMAT>
       <INPUT_FLD>X</INPUT_FLD>
       <OUTPUT_FLD>X</OUTPUT_FLD>
      </RPY_DYFATC>
      <RPY_DYFATC>
       <CONT_TYPE>RADIOGROUP</CONT_TYPE>
       <CONT_NAME>%A_GS_GLOBAL_DATA-S_TASK_WIZARD_DATA-COMPRESS_MODE-DATA_COMPRESS_LINE_BY_LINE</CONT_NAME>
       <TYPE>RADIO</TYPE>
       <NAME>GS_GLOBAL_DATA-S_TASK_WIZARD_DATA-COMPRESS_MODE-DATA_COMPRESS_GLOBAL</NAME>
       <LINE>010</LINE>
       <COLUMN>004</COLUMN>
       <LENGTH>001</LENGTH>
       <VISLENGTH>001</VISLENGTH>
       <HEIGHT>001</HEIGHT>
       <GROUP1>200</GROUP1>
       <PUSH_FCODE>COMP_M_SEL</PUSH_FCODE>
       <PUSH_FTYPE>P</PUSH_FTYPE>
       <FORMAT>CHAR</FORMAT>
       <INPUT_FLD>X</INPUT_FLD>
       <OUTPUT_FLD>X</OUTPUT_FLD>
      </RPY_DYFATC>
     </FIELDS>
     <FLOW_LOGIC>
      <RPY_DYFLOW>
       <LINE>PROCESS BEFORE OUTPUT.</LINE>
      </RPY_DYFLOW>
      <RPY_DYFLOW>
       <LINE>MODULE pbo_0500.</LINE>
      </RPY_DYFLOW>
      <RPY_DYFLOW/>
      <RPY_DYFLOW>
       <LINE>PROCESS AFTER INPUT.</LINE>
      </RPY_DYFLOW>
      <RPY_DYFLOW>
       <LINE>MODULE wz_user_command_wizard.</LINE>
      </RPY_DYFLOW>
      <RPY_DYFLOW>
       <LINE>* user defined modules</LINE>
      </RPY_DYFLOW>
      <RPY_DYFLOW/>
      <RPY_DYFLOW>
       <LINE>MODULE usr_check_consistency_0500.</LINE>
      </RPY_DYFLOW>
     </FLOW_LOGIC>
     <SPACES>
      <item>0</item>
      <item>2</item>
      <item>0</item>
      <item>0</item>
      <item>2</item>
      <item>0</item>
      <item>0</item>
      <item>2</item>
     </SPACES>
    </item>
   </DYNPROS>
   <CUA>
    <ADM>
     <MENCODE>000001</MENCODE>
    </ADM>
    <STA>
     <RSMPE_STAT>
      <CODE>CTX_MENU_WZ_TASK</CODE>
      <MODAL>C</MODAL>
      <INT_NOTE>Tâche - Wizard - Menu contextuel</INT_NOTE>
      <CTXCODE>000001</CTXCODE>
     </RSMPE_STAT>
    </STA>
    <FUN>
     <RSMPE_FUNT>
      <CODE>WZ_TASK_C</CODE>
      <TEXTNO>001</TEXTNO>
      <TEXT_TYPE>S</TEXT_TYPE>
      <FUN_TEXT>Implémenter Tâche</FUN_TEXT>
     </RSMPE_FUNT>
    </FUN>
    <MEN>
     <RSMPE_MEN>
      <CODE>000001</CODE>
      <NO>01</NO>
      <REF_TYPE>F</REF_TYPE>
      <REF_CODE>WZ_TASK_C</REF_CODE>
      <REF_NO>001</REF_NO>
     </RSMPE_MEN>
    </MEN>
    <MTX>
     <RSMPE_MNLT>
      <CODE>000001</CODE>
      <TEXT_TYPE>S</TEXT_TYPE>
      <TEXT>Wizard</TEXT>
      <INT_NOTE>Tâche - Wizard - Menu contextuel</INT_NOTE>
     </RSMPE_MNLT>
    </MTX>
    <SET>
     <RSMPE_STAF>
      <STATUS>CTX_MENU_WZ_TASK</STATUS>
      <FUNCTION>WZ_TASK_C</FUNCTION>
     </RSMPE_STAF>
    </SET>
   </CUA>
  </asx:values>
 </asx:abap>
</abapGit>
