﻿<?xml version="1.0" encoding="utf-8"?>
<abapGit version="v1.0.0" serializer="LCL_OBJECT_TABL" serializer_version="v1.0.0">
 <asx:abap xmlns:asx="http://www.sap.com/abapxml" version="1.0">
  <asx:values>
   <DD02V>
    <TABNAME>ZTEC_S_TASK_PROCESS_BY_METHOD</TABNAME>
    <DDLANGUAGE>F</DDLANGUAGE>
    <TABCLASS>INTTAB</TABCLASS>
    <DDTEXT>Tâche - Traitement par Méthode</DDTEXT>
    <EXCLASS>1</EXCLASS>
   </DD02V>
   <DD03P_TABLE>
    <DD03P>
     <TABNAME>ZTEC_S_TASK_PROCESS_BY_METHOD</TABNAME>
     <FIELDNAME>INSTANCE</FIELDNAME>
     <POSITION>0001</POSITION>
     <ROLLNAME>OBJECT</ROLLNAME>
     <ADMINFIELD>0</ADMINFIELD>
     <DATATYPE>REF</DATATYPE>
     <MASK>  REF RO</MASK>
     <COMPTYPE>R</COMPTYPE>
     <REFTYPE>O</REFTYPE>
    </DD03P>
    <DD03P>
     <TABNAME>ZTEC_S_TASK_PROCESS_BY_METHOD</TABNAME>
     <FIELDNAME>METHOD</FIELDNAME>
     <DDLANGUAGE>F</DDLANGUAGE>
     <POSITION>0002</POSITION>
     <ADMINFIELD>0</ADMINFIELD>
     <INTTYPE>g</INTTYPE>
     <INTLEN>000008</INTLEN>
     <DATATYPE>STRG</DATATYPE>
     <MASK>  STRG</MASK>
     <DDTEXT>Méthode à appeler</DDTEXT>
    </DD03P>
   </DD03P_TABLE>
   <DD05M_TABLE/>
   <DD08V_TABLE/>
   <DD12V/>
   <DD17V/>
   <DD35V_TALE/>
   <DD36M/>
  </asx:values>
 </asx:abap>
</abapGit>
