﻿<?xml version="1.0" encoding="utf-8"?>
<abapGit version="v1.0.0" serializer="LCL_OBJECT_TABL" serializer_version="v1.0.0">
 <asx:abap xmlns:asx="http://www.sap.com/abapxml" version="1.0">
  <asx:values>
   <DD02V>
    <TABNAME>ZTEC_S_CONTENT_DATA</TABNAME>
    <DDLANGUAGE>F</DDLANGUAGE>
    <TABCLASS>INTTAB</TABCLASS>
    <DDTEXT>Structure contenu des données - statiques</DDTEXT>
    <EXCLASS>1</EXCLASS>
   </DD02V>
   <DD03P_TABLE>
    <DD03P>
     <TABNAME>ZTEC_S_CONTENT_DATA</TABNAME>
     <FIELDNAME>SUB_DATA_GUID</FIELDNAME>
     <POSITION>0001</POSITION>
     <ROLLNAME>SYSUUID_C32</ROLLNAME>
     <ADMINFIELD>0</ADMINFIELD>
     <COMPTYPE>E</COMPTYPE>
    </DD03P>
    <DD03P>
     <TABNAME>ZTEC_S_CONTENT_DATA</TABNAME>
     <FIELDNAME>LINE</FIELDNAME>
     <POSITION>0002</POSITION>
     <ROLLNAME>SYST_TABIX</ROLLNAME>
     <ADMINFIELD>0</ADMINFIELD>
     <COMPTYPE>E</COMPTYPE>
    </DD03P>
    <DD03P>
     <TABNAME>ZTEC_S_CONTENT_DATA</TABNAME>
     <FIELDNAME>FIELDNAME</FIELDNAME>
     <POSITION>0003</POSITION>
     <ROLLNAME>FIELDNAME</ROLLNAME>
     <ADMINFIELD>0</ADMINFIELD>
     <COMPTYPE>E</COMPTYPE>
    </DD03P>
    <DD03P>
     <TABNAME>ZTEC_S_CONTENT_DATA</TABNAME>
     <FIELDNAME>FIELDTYPE</FIELDNAME>
     <DDLANGUAGE>F</DDLANGUAGE>
     <POSITION>0004</POSITION>
     <ADMINFIELD>0</ADMINFIELD>
     <INTTYPE>g</INTTYPE>
     <INTLEN>000008</INTLEN>
     <DATATYPE>STRG</DATATYPE>
     <MASK>  STRG</MASK>
    </DD03P>
    <DD03P>
     <TABNAME>ZTEC_S_CONTENT_DATA</TABNAME>
     <FIELDNAME>FIELDKIND</FIELDNAME>
     <POSITION>0005</POSITION>
     <ROLLNAME>TYPEKIND</ROLLNAME>
     <ADMINFIELD>0</ADMINFIELD>
     <VALEXI>X</VALEXI>
     <SHLPORIGIN>F</SHLPORIGIN>
     <COMPTYPE>E</COMPTYPE>
    </DD03P>
    <DD03P>
     <TABNAME>ZTEC_S_CONTENT_DATA</TABNAME>
     <FIELDNAME>VALUE</FIELDNAME>
     <DDLANGUAGE>F</DDLANGUAGE>
     <POSITION>0006</POSITION>
     <ADMINFIELD>0</ADMINFIELD>
     <INTTYPE>g</INTTYPE>
     <INTLEN>000008</INTLEN>
     <DATATYPE>STRG</DATATYPE>
     <MASK>  STRG</MASK>
    </DD03P>
   </DD03P_TABLE>
   <DD05M_TABLE/>
   <DD08V_TABLE/>
   <DD12V/>
   <DD17V/>
   <DD35V_TALE/>
   <DD36M/>
  </asx:values>
 </asx:abap>
</abapGit>
