﻿<?xml version="1.0" encoding="utf-8"?>
<abapGit version="v1.0.0" serializer="LCL_OBJECT_DTEL" serializer_version="v1.0.0">
 <asx:abap xmlns:asx="http://www.sap.com/abapxml" version="1.0">
  <asx:values>
   <DD04V>
    <ROLLNAME>ZTRACE_MEM_XFELD</ROLLNAME>
    <DDLANGUAGE>F</DDLANGUAGE>
    <DOMNAME>XFELD</DOMNAME>
    <HEADLEN>20</HEADLEN>
    <SCRLEN1>10</SCRLEN1>
    <SCRLEN2>20</SCRLEN2>
    <SCRLEN3>20</SCRLEN3>
    <DDTEXT>Trace - Activation Trace mémoire</DDTEXT>
    <REPTEXT>Trace mémoire active</REPTEXT>
    <SCRTEXT_S>Trace mém</SCRTEXT_S>
    <SCRTEXT_M>Trace mémoire active</SCRTEXT_M>
    <SCRTEXT_L>Trace mémoire active</SCRTEXT_L>
    <DTELMASTER>F</DTELMASTER>
    <REFKIND>D</REFKIND>
   </DD04V>
   <TPARA/>
  </asx:values>
 </asx:abap>
</abapGit>
