﻿<?xml version="1.0" encoding="utf-8"?>
<abapGit version="v1.0.0" serializer="LCL_OBJECT_DOCV" serializer_version="v1.0.0">
 <asx:abap xmlns:asx="http://www.sap.com/abapxml" version="1.0">
  <asx:values>
   <DOC>
    <HEAD>
     <TDOBJECT>DOKU</TDOBJECT>
     <TDNAME>ZTASK_WIZARD_002</TDNAME>
     <TDID>DT</TDID>
     <TDSPRAS>F</TDSPRAS>
     <TDFORM>S_DOCU_SHOW</TDFORM>
     <TDSTYLE>S_DOCUS1</TDSTYLE>
     <TDVERSION>00001</TDVERSION>
     <TDLINESIZE>072</TDLINESIZE>
    </HEAD>
    <LINES>
     <TLINE>
      <TDFORMAT>*</TDFORMAT>
      <TDLINE>Sélection du programme cadre</TDLINE>
     </TLINE>
     <TLINE>
      <TDFORMAT>*</TDFORMAT>
      <TDLINE>Dans cette étape vous devez spécifier le programme (spécifique) dans</TDLINE>
     </TLINE>
     <TLINE>
      <TDLINE>lequel vous souhaitez implémenter le cadriciel.</TDLINE>
     </TLINE>
     <TLINE>
      <TDFORMAT>*</TDFORMAT>
      <TDLINE>Vous avez la possibilité d&apos;ajouter, dans l&apos;écran de sélection, les</TDLINE>
     </TLINE>
     <TLINE>
      <TDLINE>élèments pertinents pour la configuration. A savoir :</TDLINE>
     </TLINE>
     <TLINE>
      <TDFORMAT>*</TDFORMAT>
      <TDLINE>,,,,- Groupe de Serveur</TDLINE>
     </TLINE>
     <TLINE>
      <TDFORMAT>*</TDFORMAT>
      <TDLINE>,,,,- Nombre de Tâche</TDLINE>
     </TLINE>
     <TLINE>
      <TDFORMAT>*</TDFORMAT>
     </TLINE>
     <TLINE>
      <TDFORMAT>*</TDFORMAT>
      <TDLINE>Le programme contenant le template du cadriciel est aussi spécifié mais</TDLINE>
     </TLINE>
     <TLINE>
      <TDLINE>non modifiable depuis cet assistant.</TDLINE>
     </TLINE>
    </LINES>
   </DOC>
  </asx:values>
 </asx:abap>
</abapGit>
