﻿<?xml version="1.0" encoding="utf-8"?>
<abapGit version="v1.0.0" serializer="LCL_OBJECT_DOCV" serializer_version="v1.0.0">
 <asx:abap xmlns:asx="http://www.sap.com/abapxml" version="1.0">
  <asx:values>
   <DOC>
    <HEAD>
     <TDOBJECT>DOKU</TDOBJECT>
     <TDNAME>ZTASK_WIZARD_005</TDNAME>
     <TDID>DT</TDID>
     <TDSPRAS>F</TDSPRAS>
     <TDFORM>S_DOCU_SHOW</TDFORM>
     <TDSTYLE>S_DOCUS1</TDSTYLE>
     <TDVERSION>00001</TDVERSION>
     <TDLINESIZE>072</TDLINESIZE>
    </HEAD>
    <LINES>
     <TLINE>
      <TDFORMAT>*</TDFORMAT>
      <TDLINE>Sélection Groupe de Serveur</TDLINE>
     </TLINE>
     <TLINE>
      <TDFORMAT>*</TDFORMAT>
     </TLINE>
     <TLINE>
      <TDFORMAT>*</TDFORMAT>
      <TDLINE>Cette étape vous permet de choisir le Groupe de Serveur sur lequel</TDLINE>
     </TLINE>
     <TLINE>
      <TDLINE>seront exécutés les traitements.</TDLINE>
     </TLINE>
     <TLINE>
      <TDFORMAT>*</TDFORMAT>
      <TDLINE>Vous avez la possibilité d&apos;utiliser le serveur par défaut ou d&apos;en</TDLINE>
     </TLINE>
     <TLINE>
      <TDLINE>choisir un précis.</TDLINE>
     </TLINE>
    </LINES>
   </DOC>
  </asx:values>
 </asx:abap>
</abapGit>
