﻿<?xml version="1.0" encoding="utf-8"?>
<abapGit version="v1.0.0" serializer="LCL_OBJECT_DOCV" serializer_version="v1.0.0">
 <asx:abap xmlns:asx="http://www.sap.com/abapxml" version="1.0">
  <asx:values>
   <DOC>
    <HEAD>
     <TDOBJECT>DOKU</TDOBJECT>
     <TDNAME>ZTASK_WIZARD_004</TDNAME>
     <TDID>DT</TDID>
     <TDSPRAS>F</TDSPRAS>
     <TDFORM>S_DOCU_SHOW</TDFORM>
     <TDSTYLE>S_DOCUS1</TDSTYLE>
     <TDVERSION>00001</TDVERSION>
     <TDLINESIZE>072</TDLINESIZE>
    </HEAD>
    <LINES>
     <TLINE>
      <TDFORMAT>*</TDFORMAT>
      <TDLINE>Sélection des traitements à paralléliser</TDLINE>
     </TLINE>
     <TLINE>
      <TDFORMAT>*</TDFORMAT>
      <TDLINE>Cette étape vous permet de sélection les méthodes statiques à</TDLINE>
     </TLINE>
     <TLINE>
      <TDLINE>paralléliser.</TDLINE>
     </TLINE>
    </LINES>
   </DOC>
  </asx:values>
 </asx:abap>
</abapGit>
