﻿<?xml version="1.0" encoding="utf-8"?>
<abapGit version="v1.0.0" serializer="LCL_OBJECT_CLAS" serializer_version="v1.0.0">
 <asx:abap xmlns:asx="http://www.sap.com/abapxml" version="1.0">
  <asx:values>
   <VSEOCLASS>
    <CLSNAME>ZCL_TASK_WIZARD</CLSNAME>
    <VERSION>1</VERSION>
    <LANGU>F</LANGU>
    <DESCRIPT>Tâche - Assistant utilisation Cadriciel</DESCRIPT>
    <EXPOSURE>2</EXPOSURE>
    <STATE>1</STATE>
    <CLSFINAL>X</CLSFINAL>
    <CLSCCINCL>X</CLSCCINCL>
    <FIXPT>X</FIXPT>
    <UNICODE>X</UNICODE>
    <MSG_ID>ZTASK</MSG_ID>
   </VSEOCLASS>
   <TPOOL>
    <item>
     <ID>I</ID>
     <KEY>I01</KEY>
     <ENTRY>Ajouté par l&apos;Assistant</ENTRY>
     <LENGTH>44</LENGTH>
    </item>
    <item>
     <ID>I</ID>
     <KEY>Q01</KEY>
     <ENTRY>Erreur syntaxe présente. Appliquer le Template ?</ENTRY>
     <LENGTH>96</LENGTH>
    </item>
    <item>
     <ID>I</ID>
     <KEY>R01</KEY>
     <ENTRY>Oui</ENTRY>
     <LENGTH>13</LENGTH>
    </item>
    <item>
     <ID>I</ID>
     <KEY>R02</KEY>
     <ENTRY>Non</ENTRY>
     <LENGTH>3</LENGTH>
    </item>
   </TPOOL>
   <DESCRIPTIONS>
    <SEOCOMPOTX>
     <CLSNAME>ZCL_TASK_WIZARD</CLSNAME>
     <CMPNAME>TASK_TEMPLATE_INJECT</CMPNAME>
     <LANGU>F</LANGU>
     <DESCRIPT>Tâche - Template - Injection dans le Programme Cadre</DESCRIPT>
    </SEOCOMPOTX>
    <SEOCOMPOTX>
     <CLSNAME>ZCL_TASK_WIZARD</CLSNAME>
     <CMPNAME>TASK_WIZARD</CMPNAME>
     <LANGU>F</LANGU>
     <DESCRIPT>Tâche - Assistant</DESCRIPT>
    </SEOCOMPOTX>
   </DESCRIPTIONS>
  </asx:values>
 </asx:abap>
</abapGit>
