﻿<?xml version="1.0" encoding="utf-8"?>
<abapGit version="v1.0.0" serializer="LCL_OBJECT_CLAS" serializer_version="v1.0.0">
 <asx:abap xmlns:asx="http://www.sap.com/abapxml" version="1.0">
  <asx:values>
   <VSEOCLASS>
    <CLSNAME>ZCL_TASK_HANDLER</CLSNAME>
    <VERSION>1</VERSION>
    <LANGU>F</LANGU>
    <DESCRIPT>Tâche - Handler évènement</DESCRIPT>
    <STATE>1</STATE>
    <CLSFINAL>X</CLSFINAL>
    <CLSCCINCL>X</CLSCCINCL>
    <FIXPT>X</FIXPT>
    <UNICODE>X</UNICODE>
    <MSG_ID>ZTASK</MSG_ID>
   </VSEOCLASS>
   <TPOOL/>
   <DESCRIPTIONS>
    <SEOCOMPOTX>
     <CLSNAME>ZCL_TASK_HANDLER</CLSNAME>
     <CMPNAME>CONSTRUCTOR</CMPNAME>
     <LANGU>F</LANGU>
     <DESCRIPT>CONSTRUCTOR</DESCRIPT>
    </SEOCOMPOTX>
    <SEOCOMPOTX>
     <CLSNAME>ZCL_TASK_HANDLER</CLSNAME>
     <CMPNAME>HANDLER_FACTORY</CMPNAME>
     <LANGU>F</LANGU>
     <DESCRIPT>Création Handler</DESCRIPT>
    </SEOCOMPOTX>
    <SEOCOMPOTX>
     <CLSNAME>ZCL_TASK_HANDLER</CLSNAME>
     <CMPNAME>HANDLER_MANAGER_BEFORE_TASK</CMPNAME>
     <LANGU>F</LANGU>
     <DESCRIPT>Handler Evénement début d&apos;une Tâche (TASK_MANAGER)</DESCRIPT>
    </SEOCOMPOTX>
    <SEOCOMPOTX>
     <CLSNAME>ZCL_TASK_HANDLER</CLSNAME>
     <CMPNAME>HANDLER_MANAGER_END_OF_TASK</CMPNAME>
     <LANGU>F</LANGU>
     <DESCRIPT>Handler Evénement fin d&apos;une Tâche (TASK_MANAGER)</DESCRIPT>
    </SEOCOMPOTX>
   </DESCRIPTIONS>
  </asx:values>
 </asx:abap>
</abapGit>
