﻿<?xml version="1.0" encoding="utf-8"?>
<abapGit version="v1.0.0" serializer="LCL_OBJECT_CLAS" serializer_version="v1.0.0">
 <asx:abap xmlns:asx="http://www.sap.com/abapxml" version="1.0">
  <asx:values>
   <VSEOCLASS>
    <CLSNAME>ZCL_TYPE_DEFINITION</CLSNAME>
    <VERSION>1</VERSION>
    <LANGU>F</LANGU>
    <DESCRIPT>SHM - Classe utilitaire Définition de Type</DESCRIPT>
    <STATE>1</STATE>
    <CLSFINAL>X</CLSFINAL>
    <CLSCCINCL>X</CLSCCINCL>
    <FIXPT>X</FIXPT>
    <UNICODE>X</UNICODE>
   </VSEOCLASS>
   <TPOOL/>
   <DESCRIPTIONS>
    <SEOCOMPOTX>
     <CLSNAME>ZCL_TYPE_DEFINITION</CLSNAME>
     <CMPNAME>CONSTRUCTOR</CMPNAME>
     <LANGU>F</LANGU>
     <DESCRIPT>CONSTRUCTOR</DESCRIPT>
    </SEOCOMPOTX>
    <SEOCOMPOTX>
     <CLSNAME>ZCL_TYPE_DEFINITION</CLSNAME>
     <CMPNAME>DEFINITION_TYPE_ADD</CMPNAME>
     <LANGU>F</LANGU>
     <DESCRIPT>Définition Type - Ajout</DESCRIPT>
    </SEOCOMPOTX>
    <SEOCOMPOTX>
     <CLSNAME>ZCL_TYPE_DEFINITION</CLSNAME>
     <CMPNAME>DEFINITION_TYPE_DELETE</CMPNAME>
     <LANGU>F</LANGU>
     <DESCRIPT>Définition Type - Suppression</DESCRIPT>
    </SEOCOMPOTX>
    <SEOCOMPOTX>
     <CLSNAME>ZCL_TYPE_DEFINITION</CLSNAME>
     <CMPNAME>DEFINITION_TYPE_FINISH</CMPNAME>
     <LANGU>F</LANGU>
     <DESCRIPT>Définition Type - Ferme le Token de Lecture</DESCRIPT>
    </SEOCOMPOTX>
    <SEOCOMPOTX>
     <CLSNAME>ZCL_TYPE_DEFINITION</CLSNAME>
     <CMPNAME>DEFINITION_TYPE_GET</CMPNAME>
     <LANGU>F</LANGU>
     <DESCRIPT>Définition Type - Récupération</DESCRIPT>
    </SEOCOMPOTX>
    <SEOCOMPOTX>
     <CLSNAME>ZCL_TYPE_DEFINITION</CLSNAME>
     <CMPNAME>GET_INSTANCE</CMPNAME>
     <LANGU>F</LANGU>
     <DESCRIPT>Définition Type - Récupération Instance</DESCRIPT>
    </SEOCOMPOTX>
    <SEOCOMPOTX>
     <CLSNAME>ZCL_TYPE_DEFINITION</CLSNAME>
     <CMPNAME>MO_ATTACH_READ</CMPNAME>
     <LANGU>F</LANGU>
     <DESCRIPT>Area pour définition de Type</DESCRIPT>
    </SEOCOMPOTX>
    <SEOCOMPOTX>
     <CLSNAME>ZCL_TYPE_DEFINITION</CLSNAME>
     <CMPNAME>MO_INSTANCE</CMPNAME>
     <LANGU>F</LANGU>
     <DESCRIPT>SHM - Classe utilitaire Définition de Type</DESCRIPT>
    </SEOCOMPOTX>
    <SEOCOMPOTX>
     <CLSNAME>ZCL_TYPE_DEFINITION</CLSNAME>
     <CMPNAME>__INTERNAL_USE_FREE_SHM</CMPNAME>
     <LANGU>F</LANGU>
     <DESCRIPT>Supprime toutes les versions</DESCRIPT>
    </SEOCOMPOTX>
   </DESCRIPTIONS>
  </asx:values>
 </asx:abap>
</abapGit>
