﻿<?xml version="1.0" encoding="utf-8"?>
<abapGit version="v1.0.0" serializer="LCL_OBJECT_CLAS" serializer_version="v1.0.0">
 <asx:abap xmlns:asx="http://www.sap.com/abapxml" version="1.0">
  <asx:values>
   <VSEOCLASS>
    <CLSNAME>ZCL_TASK</CLSNAME>
    <VERSION>1</VERSION>
    <LANGU>F</LANGU>
    <DESCRIPT>Tâche - Instance</DESCRIPT>
    <STATE>1</STATE>
    <CLSFINAL>X</CLSFINAL>
    <CLSCCINCL>X</CLSCCINCL>
    <FIXPT>X</FIXPT>
    <UNICODE>X</UNICODE>
    <MSG_ID>ZTASK</MSG_ID>
   </VSEOCLASS>
   <TPOOL/>
   <DESCRIPTIONS>
    <SEOCOMPOTX>
     <CLSNAME>ZCL_TASK</CLSNAME>
     <CMPNAME>AT_END_OF_TASK</CMPNAME>
     <LANGU>F</LANGU>
     <DESCRIPT>Traitement : At End Of Task (fin Tâche arrière-plan)</DESCRIPT>
    </SEOCOMPOTX>
    <SEOCOMPOTX>
     <CLSNAME>ZCL_TASK</CLSNAME>
     <CMPNAME>CONSTRUCTOR</CMPNAME>
     <LANGU>F</LANGU>
     <DESCRIPT>CONSTRUCTOR</DESCRIPT>
    </SEOCOMPOTX>
    <SEOCOMPOTX>
     <CLSNAME>ZCL_TASK</CLSNAME>
     <CMPNAME>CONVERT_DYNAMIC_PARAMETERS</CMPNAME>
     <LANGU>F</LANGU>
     <DESCRIPT>Conversion données paramètres dynamique en statique</DESCRIPT>
    </SEOCOMPOTX>
    <SEOCOMPOTX>
     <CLSNAME>ZCL_TASK</CLSNAME>
     <CMPNAME>CONVERT_STATIC_PARAMETERS</CMPNAME>
     <LANGU>F</LANGU>
     <DESCRIPT>Conversion données paramètres statique en dynamique</DESCRIPT>
    </SEOCOMPOTX>
    <SEOCOMPOTX>
     <CLSNAME>ZCL_TASK</CLSNAME>
     <CMPNAME>FUNC_CALL_PARAMETERS_GET</CMPNAME>
     <LANGU>F</LANGU>
     <DESCRIPT>Module Fonction - Paramètres - Récupération</DESCRIPT>
    </SEOCOMPOTX>
    <SEOCOMPOTX>
     <CLSNAME>ZCL_TASK</CLSNAME>
     <CMPNAME>METH_CALL_PARAMETERS_GET</CMPNAME>
     <LANGU>F</LANGU>
     <DESCRIPT>Méthode - Paramètres - Récupération</DESCRIPT>
    </SEOCOMPOTX>
    <SEOCOMPOTX>
     <CLSNAME>ZCL_TASK</CLSNAME>
     <CMPNAME>REPID_CALL_PARAMETERS_GET</CMPNAME>
     <LANGU>F</LANGU>
     <DESCRIPT>Programme - Paramètres - Récupération</DESCRIPT>
    </SEOCOMPOTX>
    <SEOCOMPOTX>
     <CLSNAME>ZCL_TASK</CLSNAME>
     <CMPNAME>TASK_BEFORE</CMPNAME>
     <LANGU>F</LANGU>
     <DESCRIPT>Evènement Début d&apos;une Tâche</DESCRIPT>
    </SEOCOMPOTX>
    <SEOCOMPOTX>
     <CLSNAME>ZCL_TASK</CLSNAME>
     <CMPNAME>TASK_END</CMPNAME>
     <LANGU>F</LANGU>
     <DESCRIPT>Evènement Fin de la Tâche</DESCRIPT>
    </SEOCOMPOTX>
    <SEOCOMPOTX>
     <CLSNAME>ZCL_TASK</CLSNAME>
     <CMPNAME>TASK_ERROR_RECEIVE_RESULT</CMPNAME>
     <LANGU>F</LANGU>
     <DESCRIPT>Evènement erreur réception résultalt Tâche</DESCRIPT>
    </SEOCOMPOTX>
    <SEOCOMPOTX>
     <CLSNAME>ZCL_TASK</CLSNAME>
     <CMPNAME>TASK_FREE</CMPNAME>
     <LANGU>F</LANGU>
     <DESCRIPT>Tâche - Réinitialisation</DESCRIPT>
    </SEOCOMPOTX>
    <SEOCOMPOTX>
     <CLSNAME>ZCL_TASK</CLSNAME>
     <CMPNAME>TASK_START</CMPNAME>
     <LANGU>F</LANGU>
     <DESCRIPT>Tâche - Lancement</DESCRIPT>
    </SEOCOMPOTX>
    <SEOCOMPOTX>
     <CLSNAME>ZCL_TASK</CLSNAME>
     <CMPNAME>TASK_STOP</CMPNAME>
     <LANGU>F</LANGU>
     <DESCRIPT>Tâche - Fin d&apos;une Tâche</DESCRIPT>
    </SEOCOMPOTX>
    <SEOCOMPOTX>
     <CLSNAME>ZCL_TASK</CLSNAME>
     <CMPNAME>_CONVERT_DYNAMIC_PARAM_FUNC</CMPNAME>
     <LANGU>F</LANGU>
     <DESCRIPT>Module Fonction - Conversion données Dyn --&gt; Stat</DESCRIPT>
    </SEOCOMPOTX>
    <SEOCOMPOTX>
     <CLSNAME>ZCL_TASK</CLSNAME>
     <CMPNAME>_CONVERT_DYNAMIC_PARAM_METH</CMPNAME>
     <LANGU>F</LANGU>
     <DESCRIPT>Méthode - Conversion données Dyn --&gt; Stat</DESCRIPT>
    </SEOCOMPOTX>
    <SEOCOMPOTX>
     <CLSNAME>ZCL_TASK</CLSNAME>
     <CMPNAME>_CONVERT_DYNAMIC_PARAM_REPID</CMPNAME>
     <LANGU>F</LANGU>
     <DESCRIPT>Programme - Conversion données Dyn --&gt; Stat</DESCRIPT>
    </SEOCOMPOTX>
    <SEOCOMPOTX>
     <CLSNAME>ZCL_TASK</CLSNAME>
     <CMPNAME>_CONVERT_STATIC_PARAM_FUNC</CMPNAME>
     <LANGU>F</LANGU>
     <DESCRIPT>Module Fonction - Conversion données Stat --&gt; Dyn</DESCRIPT>
    </SEOCOMPOTX>
    <SEOCOMPOTX>
     <CLSNAME>ZCL_TASK</CLSNAME>
     <CMPNAME>_CONVERT_STATIC_PARAM_METH</CMPNAME>
     <LANGU>F</LANGU>
     <DESCRIPT>Méthode - Conversion données Stat --&gt; Dyn</DESCRIPT>
    </SEOCOMPOTX>
    <SEOCOMPOTX>
     <CLSNAME>ZCL_TASK</CLSNAME>
     <CMPNAME>_CONVERT_STATIC_PARAM_REPID</CMPNAME>
     <LANGU>F</LANGU>
     <DESCRIPT>Programme - Conversion données Stat --&gt; Dyn</DESCRIPT>
    </SEOCOMPOTX>
    <SEOCOMPOTX>
     <CLSNAME>ZCL_TASK</CLSNAME>
     <CMPNAME>__AT_END_OF_TASK</CMPNAME>
     <LANGU>F</LANGU>
     <DESCRIPT>Traitement fin d&apos;une Tâche</DESCRIPT>
    </SEOCOMPOTX>
   </DESCRIPTIONS>
  </asx:values>
 </asx:abap>
</abapGit>
