﻿<?xml version="1.0" encoding="utf-8"?>
<abapGit version="v1.0.0" serializer="LCL_OBJECT_DTEL" serializer_version="v1.0.0">
 <asx:abap xmlns:asx="http://www.sap.com/abapxml" version="1.0">
  <asx:values>
   <DD04V>
    <ROLLNAME>ZE_FLUX_TYPE_RAQ</ROLLNAME>
    <DDLANGUAGE>F</DDLANGUAGE>
    <DOMNAME>ZDOM_FLUX_TYPE_RAQ</DOMNAME>
    <HEADLEN>55</HEADLEN>
    <SCRLEN1>10</SCRLEN1>
    <SCRLEN2>20</SCRLEN2>
    <SCRLEN3>40</SCRLEN3>
    <DDTEXT>Reste à Quai - Type de Flux</DDTEXT>
    <REPTEXT>Type de Flux</REPTEXT>
    <SCRTEXT_S>Ty. Flux</SCRTEXT_S>
    <SCRTEXT_M>Type de Flux</SCRTEXT_M>
    <SCRTEXT_L>Type de Flux</SCRTEXT_L>
    <DTELMASTER>F</DTELMASTER>
    <REFKIND>D</REFKIND>
   </DD04V>
   <TPARA/>
   <I18N_LANGS>
    <LANGU>E</LANGU>
   </I18N_LANGS>
   <DD04_TEXTS>
    <item>
     <DDLANGUAGE>E</DDLANGUAGE>
     <DDTEXT>Reste à Quai - Type de Flux</DDTEXT>
     <REPTEXT>Type de Flux</REPTEXT>
     <SCRTEXT_S>Ty. Flux</SCRTEXT_S>
     <SCRTEXT_M>Type de Flux</SCRTEXT_M>
     <SCRTEXT_L>Type de Flux</SCRTEXT_L>
    </item>
   </DD04_TEXTS>
  </asx:values>
 </asx:abap>
</abapGit>
