﻿<?xml version="1.0" encoding="utf-8"?>
<abapGit version="v1.0.0" serializer="LCL_OBJECT_TABL" serializer_version="v1.0.0">
 <asx:abap xmlns:asx="http://www.sap.com/abapxml" version="1.0">
  <asx:values>
   <DD02V>
    <TABNAME>ZTASK_TRACE_H</TABNAME>
    <DDLANGUAGE>F</DDLANGUAGE>
    <TABCLASS>TRANSP</TABCLASS>
    <CLIDEP>X</CLIDEP>
    <LANGDEP>X</LANGDEP>
    <DDTEXT>Tâche - Historique</DDTEXT>
    <CONTFLAG>A</CONTFLAG>
    <EXCLASS>4</EXCLASS>
   </DD02V>
   <DD09L>
    <TABNAME>ZTASK_TRACE_H</TABNAME>
    <AS4LOCAL>A</AS4LOCAL>
    <TABKAT>0</TABKAT>
    <TABART>APPL1</TABART>
    <BUFALLOW>N</BUFALLOW>
    <ROWORCOLST>C</ROWORCOLST>
   </DD09L>
   <DD03P_TABLE>
    <DD03P>
     <TABNAME>ZTASK_TRACE_H</TABNAME>
     <FIELDNAME>MANDT</FIELDNAME>
     <POSITION>0001</POSITION>
     <KEYFLAG>X</KEYFLAG>
     <ROLLNAME>MANDT</ROLLNAME>
     <ADMINFIELD>0</ADMINFIELD>
     <NOTNULL>X</NOTNULL>
     <RESERVEDTE>D</RESERVEDTE>
     <COMPTYPE>E</COMPTYPE>
    </DD03P>
    <DD03P>
     <TABNAME>ZTASK_TRACE_H</TABNAME>
     <FIELDNAME>TASK_TRACE_ID</FIELDNAME>
     <POSITION>0002</POSITION>
     <KEYFLAG>X</KEYFLAG>
     <ROLLNAME>ZTASK_TRACE_ID</ROLLNAME>
     <ADMINFIELD>0</ADMINFIELD>
     <NOTNULL>X</NOTNULL>
     <COMPTYPE>E</COMPTYPE>
    </DD03P>
    <DD03P>
     <TABNAME>ZTASK_TRACE_H</TABNAME>
     <FIELDNAME>TASK_MANAGER_ID</FIELDNAME>
     <POSITION>0003</POSITION>
     <ROLLNAME>ZTASK_MANAGER_ID</ROLLNAME>
     <ADMINFIELD>0</ADMINFIELD>
     <COMPTYPE>E</COMPTYPE>
    </DD03P>
    <DD03P>
     <TABNAME>ZTASK_TRACE_H</TABNAME>
     <FIELDNAME>TASK_ID</FIELDNAME>
     <POSITION>0004</POSITION>
     <ROLLNAME>ZTASK_ID</ROLLNAME>
     <ADMINFIELD>0</ADMINFIELD>
     <COMPTYPE>E</COMPTYPE>
    </DD03P>
    <DD03P>
     <TABNAME>ZTASK_TRACE_H</TABNAME>
     <FIELDNAME>FUNCNAME</FIELDNAME>
     <POSITION>0005</POSITION>
     <ROLLNAME>RS38L_FNAM</ROLLNAME>
     <ADMINFIELD>0</ADMINFIELD>
     <COMPTYPE>E</COMPTYPE>
    </DD03P>
    <DD03P>
     <TABNAME>ZTASK_TRACE_H</TABNAME>
     <FIELDNAME>REPIDNAME</FIELDNAME>
     <POSITION>0006</POSITION>
     <ROLLNAME>REPID</ROLLNAME>
     <ADMINFIELD>0</ADMINFIELD>
     <COMPTYPE>E</COMPTYPE>
    </DD03P>
    <DD03P>
     <TABNAME>ZTASK_TRACE_H</TABNAME>
     <FIELDNAME>CLASSNAME</FIELDNAME>
     <POSITION>0007</POSITION>
     <ROLLNAME>SEOCLSNAME</ROLLNAME>
     <ADMINFIELD>0</ADMINFIELD>
     <COMPTYPE>E</COMPTYPE>
    </DD03P>
    <DD03P>
     <TABNAME>ZTASK_TRACE_H</TABNAME>
     <FIELDNAME>METHODNAME</FIELDNAME>
     <POSITION>0008</POSITION>
     <ROLLNAME>SEOMTDNAME</ROLLNAME>
     <ADMINFIELD>0</ADMINFIELD>
     <COMPTYPE>E</COMPTYPE>
    </DD03P>
    <DD03P>
     <TABNAME>ZTASK_TRACE_H</TABNAME>
     <FIELDNAME>TIMESTAMP_BEG</FIELDNAME>
     <POSITION>0009</POSITION>
     <ROLLNAME>TIMESTAMP</ROLLNAME>
     <ADMINFIELD>0</ADMINFIELD>
     <COMPTYPE>E</COMPTYPE>
    </DD03P>
    <DD03P>
     <TABNAME>ZTASK_TRACE_H</TABNAME>
     <FIELDNAME>TIMESTAMP_END</FIELDNAME>
     <POSITION>0010</POSITION>
     <ROLLNAME>TIMESTAMP</ROLLNAME>
     <ADMINFIELD>0</ADMINFIELD>
     <COMPTYPE>E</COMPTYPE>
    </DD03P>
    <DD03P>
     <TABNAME>ZTASK_TRACE_H</TABNAME>
     <FIELDNAME>RUNTIME_BEG</FIELDNAME>
     <DDLANGUAGE>F</DDLANGUAGE>
     <POSITION>0011</POSITION>
     <ADMINFIELD>0</ADMINFIELD>
     <INTTYPE>X</INTTYPE>
     <INTLEN>000004</INTLEN>
     <DATATYPE>INT4</DATATYPE>
     <LENG>000010</LENG>
     <MASK>  INT4</MASK>
     <DDTEXT>Début d&apos;exécution</DDTEXT>
    </DD03P>
    <DD03P>
     <TABNAME>ZTASK_TRACE_H</TABNAME>
     <FIELDNAME>RUNTIME_END</FIELDNAME>
     <DDLANGUAGE>F</DDLANGUAGE>
     <POSITION>0012</POSITION>
     <ADMINFIELD>0</ADMINFIELD>
     <INTTYPE>X</INTTYPE>
     <INTLEN>000004</INTLEN>
     <DATATYPE>INT4</DATATYPE>
     <LENG>000010</LENG>
     <MASK>  INT4</MASK>
     <DDTEXT>Fin d&apos;exécution</DDTEXT>
    </DD03P>
    <DD03P>
     <TABNAME>ZTASK_TRACE_H</TABNAME>
     <FIELDNAME>RUNTIME_EXEC</FIELDNAME>
     <DDLANGUAGE>F</DDLANGUAGE>
     <POSITION>0013</POSITION>
     <ADMINFIELD>0</ADMINFIELD>
     <INTTYPE>X</INTTYPE>
     <INTLEN>000004</INTLEN>
     <DATATYPE>INT4</DATATYPE>
     <LENG>000010</LENG>
     <MASK>  INT4</MASK>
     <DDTEXT>Durée d&apos;exécution</DDTEXT>
    </DD03P>
    <DD03P>
     <TABNAME>ZTASK_TRACE_H</TABNAME>
     <FIELDNAME>MEM_BEFORE</FIELDNAME>
     <DDLANGUAGE>F</DDLANGUAGE>
     <POSITION>0014</POSITION>
     <ADMINFIELD>0</ADMINFIELD>
     <INTTYPE>P</INTTYPE>
     <INTLEN>000011</INTLEN>
     <DATATYPE>DEC</DATATYPE>
     <LENG>000020</LENG>
     <MASK>  DEC</MASK>
     <DDTEXT>Type DEC correct pour nombre entier 64 octets</DDTEXT>
    </DD03P>
    <DD03P>
     <TABNAME>ZTASK_TRACE_H</TABNAME>
     <FIELDNAME>MEM_AFTER</FIELDNAME>
     <DDLANGUAGE>F</DDLANGUAGE>
     <POSITION>0015</POSITION>
     <ADMINFIELD>0</ADMINFIELD>
     <INTTYPE>P</INTTYPE>
     <INTLEN>000011</INTLEN>
     <DATATYPE>DEC</DATATYPE>
     <LENG>000020</LENG>
     <MASK>  DEC</MASK>
     <DDTEXT>Type DEC correct pour nombre entier 64 octets</DDTEXT>
    </DD03P>
    <DD03P>
     <TABNAME>ZTASK_TRACE_H</TABNAME>
     <FIELDNAME>MEM_ALLOCATED</FIELDNAME>
     <DDLANGUAGE>F</DDLANGUAGE>
     <POSITION>0016</POSITION>
     <ADMINFIELD>0</ADMINFIELD>
     <INTTYPE>P</INTTYPE>
     <INTLEN>000011</INTLEN>
     <DATATYPE>DEC</DATATYPE>
     <LENG>000020</LENG>
     <MASK>  DEC</MASK>
     <DDTEXT>Type DEC correct pour nombre entier 64 octets</DDTEXT>
    </DD03P>
    <DD03P>
     <TABNAME>ZTASK_TRACE_H</TABNAME>
     <FIELDNAME>UNAME</FIELDNAME>
     <POSITION>0017</POSITION>
     <ROLLNAME>UNAME</ROLLNAME>
     <ADMINFIELD>0</ADMINFIELD>
     <COMPTYPE>E</COMPTYPE>
    </DD03P>
    <DD03P>
     <TABNAME>ZTASK_TRACE_H</TABNAME>
     <FIELDNAME>.INCLUDE</FIELDNAME>
     <DDLANGUAGE>F</DDLANGUAGE>
     <POSITION>0018</POSITION>
     <ADMINFIELD>0</ADMINFIELD>
     <PRECFIELD>ABAP_CALLSTACK_LINE</PRECFIELD>
     <MASK>      S</MASK>
     <DDTEXT>Ligne d&apos;une pile d&apos;appel ABAP (avec positions programme)</DDTEXT>
     <COMPTYPE>S</COMPTYPE>
    </DD03P>
   </DD03P_TABLE>
   <DD05M_TABLE/>
   <DD08V_TABLE/>
   <DD12V/>
   <DD17V/>
   <DD35V_TALE/>
   <DD36M/>
  </asx:values>
 </asx:abap>
</abapGit>
