﻿<?xml version="1.0" encoding="utf-8"?>
<abapGit version="v1.0.0" serializer="LCL_OBJECT_DTEL" serializer_version="v1.0.0">
 <asx:abap xmlns:asx="http://www.sap.com/abapxml" version="1.0">
  <asx:values>
   <DD04V>
    <ROLLNAME>ZTASK_TRACE_ID</ROLLNAME>
    <DDLANGUAGE>F</DDLANGUAGE>
    <DOMNAME>SYSUUID_C32</DOMNAME>
    <HEADLEN>08</HEADLEN>
    <SCRLEN1>08</SCRLEN1>
    <SCRLEN2>08</SCRLEN2>
    <SCRLEN3>08</SCRLEN3>
    <DDTEXT>Tâche - ID Trace</DDTEXT>
    <REPTEXT>ID Trace</REPTEXT>
    <SCRTEXT_S>ID Trace</SCRTEXT_S>
    <SCRTEXT_M>ID Trace</SCRTEXT_M>
    <SCRTEXT_L>ID Trace</SCRTEXT_L>
    <DTELMASTER>F</DTELMASTER>
    <REFKIND>D</REFKIND>
   </DD04V>
   <TPARA/>
  </asx:values>
 </asx:abap>
</abapGit>
