﻿<?xml version="1.0" encoding="utf-8"?>
<abapGit version="v1.0.0" serializer="LCL_OBJECT_TABL" serializer_version="v1.0.0">
 <asx:abap xmlns:asx="http://www.sap.com/abapxml" version="1.0">
  <asx:values>
   <DD02V>
    <TABNAME>ZTEC_S_METHOD_PARAMETERS</TABNAME>
    <DDLANGUAGE>F</DDLANGUAGE>
    <TABCLASS>INTTAB</TABCLASS>
    <DDTEXT>Méthode : Structure paramétre d&apos;appel Statique</DDTEXT>
    <EXCLASS>1</EXCLASS>
   </DD02V>
   <DD03P_TABLE>
    <DD03P>
     <TABNAME>ZTEC_S_METHOD_PARAMETERS</TABNAME>
     <FIELDNAME>PARAMETER_NAME</FIELDNAME>
     <POSITION>0001</POSITION>
     <ROLLNAME>SEOSCONAME</ROLLNAME>
     <ADMINFIELD>0</ADMINFIELD>
     <COMPTYPE>E</COMPTYPE>
    </DD03P>
    <DD03P>
     <TABNAME>ZTEC_S_METHOD_PARAMETERS</TABNAME>
     <FIELDNAME>PARAMETER_KIND</FIELDNAME>
     <POSITION>0002</POSITION>
     <ROLLNAME>SEOPARDECL</ROLLNAME>
     <ADMINFIELD>0</ADMINFIELD>
     <VALEXI>X</VALEXI>
     <SHLPORIGIN>F</SHLPORIGIN>
     <COMPTYPE>E</COMPTYPE>
    </DD03P>
    <DD03P>
     <TABNAME>ZTEC_S_METHOD_PARAMETERS</TABNAME>
     <FIELDNAME>VALUE_TYPE</FIELDNAME>
     <POSITION>0003</POSITION>
     <ROLLNAME>RS38L_TYP</ROLLNAME>
     <ADMINFIELD>0</ADMINFIELD>
     <COMPTYPE>E</COMPTYPE>
    </DD03P>
    <DD03P>
     <TABNAME>ZTEC_S_METHOD_PARAMETERS</TABNAME>
     <FIELDNAME>VALUE_KIND</FIELDNAME>
     <POSITION>0004</POSITION>
     <ROLLNAME>TYPEKIND</ROLLNAME>
     <ADMINFIELD>0</ADMINFIELD>
     <VALEXI>X</VALEXI>
     <SHLPORIGIN>F</SHLPORIGIN>
     <COMPTYPE>E</COMPTYPE>
    </DD03P>
    <DD03P>
     <TABNAME>ZTEC_S_METHOD_PARAMETERS</TABNAME>
     <FIELDNAME>VALUE_DATA</FIELDNAME>
     <DDLANGUAGE>F</DDLANGUAGE>
     <POSITION>0005</POSITION>
     <ADMINFIELD>0</ADMINFIELD>
     <INTTYPE>g</INTTYPE>
     <INTLEN>000008</INTLEN>
     <DATATYPE>STRG</DATATYPE>
     <MASK>  STRG</MASK>
     <DDTEXT>Valeur</DDTEXT>
    </DD03P>
    <DD03P>
     <TABNAME>ZTEC_S_METHOD_PARAMETERS</TABNAME>
     <FIELDNAME>VALUE_DATA_XML</FIELDNAME>
     <DDLANGUAGE>F</DDLANGUAGE>
     <POSITION>0006</POSITION>
     <ADMINFIELD>0</ADMINFIELD>
     <INTTYPE>y</INTTYPE>
     <INTLEN>000008</INTLEN>
     <DATATYPE>RSTR</DATATYPE>
     <MASK>  RSTR</MASK>
     <DDTEXT>XML (pour type complexe)</DDTEXT>
    </DD03P>
   </DD03P_TABLE>
   <DD05M_TABLE/>
   <DD08V_TABLE/>
   <DD12V/>
   <DD17V/>
   <DD35V_TALE/>
   <DD36M/>
  </asx:values>
 </asx:abap>
</abapGit>
