﻿<?xml version="1.0" encoding="utf-8"?>
<abapGit version="v1.0.0" serializer="LCL_OBJECT_TABL" serializer_version="v1.0.0">
 <asx:abap xmlns:asx="http://www.sap.com/abapxml" version="1.0">
  <asx:values>
   <DD02V>
    <TABNAME>ZTEC_S_TASK_WIZARD_DATA</TABNAME>
    <DDLANGUAGE>F</DDLANGUAGE>
    <TABCLASS>INTTAB</TABCLASS>
    <DDTEXT>Tâche - Données Assistant</DDTEXT>
    <EXCLASS>1</EXCLASS>
   </DD02V>
   <DD03P_TABLE>
    <DD03P>
     <TABNAME>ZTEC_S_TASK_WIZARD_DATA</TABNAME>
     <FIELDNAME>GRFC</FIELDNAME>
     <POSITION>0001</POSITION>
     <ROLLNAME>RFCGR</ROLLNAME>
     <ADMINFIELD>0</ADMINFIELD>
     <COMPTYPE>E</COMPTYPE>
    </DD03P>
    <DD03P>
     <TABNAME>ZTEC_S_TASK_WIZARD_DATA</TABNAME>
     <FIELDNAME>SERVER_USER</FIELDNAME>
     <POSITION>0002</POSITION>
     <ROLLNAME>XSDBOOLEAN</ROLLNAME>
     <ADMINFIELD>0</ADMINFIELD>
     <VALEXI>X</VALEXI>
     <SHLPORIGIN>F</SHLPORIGIN>
     <COMPTYPE>E</COMPTYPE>
    </DD03P>
    <DD03P>
     <TABNAME>ZTEC_S_TASK_WIZARD_DATA</TABNAME>
     <FIELDNAME>SERVER_DEFAULT</FIELDNAME>
     <POSITION>0003</POSITION>
     <ROLLNAME>XSDBOOLEAN</ROLLNAME>
     <ADMINFIELD>0</ADMINFIELD>
     <VALEXI>X</VALEXI>
     <SHLPORIGIN>F</SHLPORIGIN>
     <COMPTYPE>E</COMPTYPE>
    </DD03P>
    <DD03P>
     <TABNAME>ZTEC_S_TASK_WIZARD_DATA</TABNAME>
     <FIELDNAME>TASK_MAX</FIELDNAME>
     <POSITION>0004</POSITION>
     <ROLLNAME>INT4</ROLLNAME>
     <ADMINFIELD>0</ADMINFIELD>
     <COMPTYPE>E</COMPTYPE>
    </DD03P>
    <DD03P>
     <TABNAME>ZTEC_S_TASK_WIZARD_DATA</TABNAME>
     <FIELDNAME>TARGET_REPID</FIELDNAME>
     <POSITION>0005</POSITION>
     <ROLLNAME>PROGNAME</ROLLNAME>
     <ADMINFIELD>0</ADMINFIELD>
     <COMPTYPE>E</COMPTYPE>
    </DD03P>
    <DD03P>
     <TABNAME>ZTEC_S_TASK_WIZARD_DATA</TABNAME>
     <FIELDNAME>TARGET_FRAMEWORK_INCL_USE</FIELDNAME>
     <POSITION>0006</POSITION>
     <ROLLNAME>XSDBOOLEAN</ROLLNAME>
     <ADMINFIELD>0</ADMINFIELD>
     <VALEXI>X</VALEXI>
     <SHLPORIGIN>F</SHLPORIGIN>
     <COMPTYPE>E</COMPTYPE>
    </DD03P>
    <DD03P>
     <TABNAME>ZTEC_S_TASK_WIZARD_DATA</TABNAME>
     <FIELDNAME>TARGET_FRAMEWORK_INCL_DATA</FIELDNAME>
     <POSITION>0007</POSITION>
     <ROLLNAME>ZTEC_S_TASK_WIZARD_INCL</ROLLNAME>
     <ADMINFIELD>0</ADMINFIELD>
     <DATATYPE>STRU</DATATYPE>
     <MASK>  STRUS</MASK>
     <COMPTYPE>S</COMPTYPE>
    </DD03P>
    <DD03P>
     <TABNAME>ZTEC_S_TASK_WIZARD_DATA</TABNAME>
     <FIELDNAME>TARGET_SELSCREEN_ADD</FIELDNAME>
     <POSITION>0011</POSITION>
     <ROLLNAME>XSDBOOLEAN</ROLLNAME>
     <ADMINFIELD>0</ADMINFIELD>
     <VALEXI>X</VALEXI>
     <SHLPORIGIN>F</SHLPORIGIN>
     <COMPTYPE>E</COMPTYPE>
    </DD03P>
    <DD03P>
     <TABNAME>ZTEC_S_TASK_WIZARD_DATA</TABNAME>
     <FIELDNAME>TARGET_SELSCREEN_INCL_USE</FIELDNAME>
     <POSITION>0012</POSITION>
     <ROLLNAME>XSDBOOLEAN</ROLLNAME>
     <ADMINFIELD>0</ADMINFIELD>
     <VALEXI>X</VALEXI>
     <SHLPORIGIN>F</SHLPORIGIN>
     <COMPTYPE>E</COMPTYPE>
    </DD03P>
    <DD03P>
     <TABNAME>ZTEC_S_TASK_WIZARD_DATA</TABNAME>
     <FIELDNAME>TARGET_SELSCREEN_INCL_DATA</FIELDNAME>
     <POSITION>0013</POSITION>
     <ROLLNAME>ZTEC_S_TASK_WIZARD_INCL</ROLLNAME>
     <ADMINFIELD>0</ADMINFIELD>
     <DATATYPE>STRU</DATATYPE>
     <MASK>  STRUS</MASK>
     <COMPTYPE>S</COMPTYPE>
    </DD03P>
    <DD03P>
     <TABNAME>ZTEC_S_TASK_WIZARD_DATA</TABNAME>
     <FIELDNAME>TASK_TEMPLATE_REPID</FIELDNAME>
     <POSITION>0017</POSITION>
     <ROLLNAME>PROGNAME</ROLLNAME>
     <ADMINFIELD>0</ADMINFIELD>
     <COMPTYPE>E</COMPTYPE>
    </DD03P>
    <DD03P>
     <TABNAME>ZTEC_S_TASK_WIZARD_DATA</TABNAME>
     <FIELDNAME>TASK_CLASS_REPLACE</FIELDNAME>
     <DDLANGUAGE>F</DDLANGUAGE>
     <POSITION>0018</POSITION>
     <ADMINFIELD>0</ADMINFIELD>
     <INTTYPE>g</INTTYPE>
     <INTLEN>000008</INTLEN>
     <DATATYPE>STRG</DATATYPE>
     <MASK>  STRG</MASK>
    </DD03P>
    <DD03P>
     <TABNAME>ZTEC_S_TASK_WIZARD_DATA</TABNAME>
     <FIELDNAME>T_TASK_CALL_PROCESS</FIELDNAME>
     <POSITION>0019</POSITION>
     <ROLLNAME>ZTEC_T_TASK_CALL_PROCESS</ROLLNAME>
     <ADMINFIELD>0</ADMINFIELD>
     <DATATYPE>TTYP</DATATYPE>
     <MASK>  TTYPL</MASK>
     <COMPTYPE>L</COMPTYPE>
    </DD03P>
    <DD03P>
     <TABNAME>ZTEC_S_TASK_WIZARD_DATA</TABNAME>
     <FIELDNAME>SHM_MANAGEMENT</FIELDNAME>
     <POSITION>0020</POSITION>
     <ROLLNAME>XSDBOOLEAN</ROLLNAME>
     <ADMINFIELD>0</ADMINFIELD>
     <VALEXI>X</VALEXI>
     <SHLPORIGIN>F</SHLPORIGIN>
     <COMPTYPE>E</COMPTYPE>
    </DD03P>
    <DD03P>
     <TABNAME>ZTEC_S_TASK_WIZARD_DATA</TABNAME>
     <FIELDNAME>TRACE_ACTIV</FIELDNAME>
     <POSITION>0021</POSITION>
     <ROLLNAME>XSDBOOLEAN</ROLLNAME>
     <ADMINFIELD>0</ADMINFIELD>
     <VALEXI>X</VALEXI>
     <SHLPORIGIN>F</SHLPORIGIN>
     <COMPTYPE>E</COMPTYPE>
    </DD03P>
    <DD03P>
     <TABNAME>ZTEC_S_TASK_WIZARD_DATA</TABNAME>
     <FIELDNAME>COMPRESS_ACTIV</FIELDNAME>
     <POSITION>0022</POSITION>
     <ROLLNAME>XSDBOOLEAN</ROLLNAME>
     <ADMINFIELD>0</ADMINFIELD>
     <VALEXI>X</VALEXI>
     <SHLPORIGIN>F</SHLPORIGIN>
     <COMPTYPE>E</COMPTYPE>
    </DD03P>
    <DD03P>
     <TABNAME>ZTEC_S_TASK_WIZARD_DATA</TABNAME>
     <FIELDNAME>COMPRESS_MODE</FIELDNAME>
     <POSITION>0023</POSITION>
     <ROLLNAME>ZTEC_S_TASK_COMPRESS_PARAM</ROLLNAME>
     <ADMINFIELD>0</ADMINFIELD>
     <DATATYPE>STRU</DATATYPE>
     <MASK>  STRUS</MASK>
     <COMPTYPE>S</COMPTYPE>
    </DD03P>
   </DD03P_TABLE>
   <DD05M_TABLE/>
   <DD08V_TABLE/>
   <DD12V/>
   <DD17V/>
   <DD35V_TALE/>
   <DD36M/>
  </asx:values>
 </asx:abap>
</abapGit>
