﻿<?xml version="1.0" encoding="utf-8"?>
<abapGit version="v1.0.0" serializer="LCL_OBJECT_TTYP" serializer_version="v1.0.0">
 <asx:abap xmlns:asx="http://www.sap.com/abapxml" version="1.0">
  <asx:values>
   <DD40V>
    <TYPENAME>ZTEC_T_CONTENT_DATA</TYPENAME>
    <DDLANGUAGE>F</DDLANGUAGE>
    <ROWTYPE>ZTEC_S_CONTENT_DATA</ROWTYPE>
    <ROWKIND>S</ROWKIND>
    <DATATYPE>STRU</DATATYPE>
    <ACCESSMODE>S</ACCESSMODE>
    <KEYDEF>K</KEYDEF>
    <KEYKIND>U</KEYKIND>
    <KEYFDCOUNT>0003</KEYFDCOUNT>
    <DDTEXT>Table contenu de données - statiques</DDTEXT>
   </DD40V>
   <DD42V>
    <DD42V>
     <TYPENAME>ZTEC_T_CONTENT_DATA</TYPENAME>
     <KEYFDPOS>0001</KEYFDPOS>
     <ROWTYPEPOS>0001</ROWTYPEPOS>
     <KEYFIELD>SUB_DATA_GUID</KEYFIELD>
    </DD42V>
    <DD42V>
     <TYPENAME>ZTEC_T_CONTENT_DATA</TYPENAME>
     <KEYFDPOS>0002</KEYFDPOS>
     <ROWTYPEPOS>0002</ROWTYPEPOS>
     <KEYFIELD>LINE</KEYFIELD>
    </DD42V>
    <DD42V>
     <TYPENAME>ZTEC_T_CONTENT_DATA</TYPENAME>
     <KEYFDPOS>0003</KEYFDPOS>
     <ROWTYPEPOS>0003</ROWTYPEPOS>
     <KEYFIELD>FIELDNAME</KEYFIELD>
    </DD42V>
   </DD42V>
   <DD43V/>
  </asx:values>
 </asx:abap>
</abapGit>
