﻿<?xml version="1.0" encoding="utf-8"?>
<abapGit version="v1.0.0" serializer="LCL_OBJECT_DTEL" serializer_version="v1.0.0">
 <asx:abap xmlns:asx="http://www.sap.com/abapxml" version="1.0">
  <asx:values>
   <DD04V>
    <ROLLNAME>ZTYPE_DEFINITION_GUID</ROLLNAME>
    <DDLANGUAGE>F</DDLANGUAGE>
    <DOMNAME>SYSUUID_C32</DOMNAME>
    <HEADLEN>32</HEADLEN>
    <SCRLEN1>10</SCRLEN1>
    <SCRLEN2>20</SCRLEN2>
    <SCRLEN3>40</SCRLEN3>
    <DDTEXT>Définition de Type - ID Cluster</DDTEXT>
    <REPTEXT>Définition de Type - ID Cluster</REPTEXT>
    <SCRTEXT_S>ID Cluster</SCRTEXT_S>
    <SCRTEXT_M>ID Cluster</SCRTEXT_M>
    <SCRTEXT_L>Déf. Type - ID Cluster</SCRTEXT_L>
    <DTELMASTER>F</DTELMASTER>
    <REFKIND>D</REFKIND>
   </DD04V>
   <TPARA/>
  </asx:values>
 </asx:abap>
</abapGit>
