﻿<?xml version="1.0" encoding="utf-8"?>
<abapGit version="v1.0.0" serializer="LCL_OBJECT_DOCV" serializer_version="v1.0.0">
 <asx:abap xmlns:asx="http://www.sap.com/abapxml" version="1.0">
  <asx:values>
   <DOC>
    <HEAD>
     <TDOBJECT>DOKU</TDOBJECT>
     <TDNAME>ZTASK_WIZARD_001</TDNAME>
     <TDID>DT</TDID>
     <TDSPRAS>F</TDSPRAS>
     <TDFORM>S_DOCU_SHOW</TDFORM>
     <TDSTYLE>S_DOCUS1</TDSTYLE>
     <TDVERSION>00001</TDVERSION>
     <TDLINESIZE>072</TDLINESIZE>
    </HEAD>
    <LINES>
     <TLINE>
      <TDFORMAT>*</TDFORMAT>
      <TDLINE>Bienvenue dans l&apos;assistant d&apos;implémentation de parallélisation.</TDLINE>
     </TLINE>
     <TLINE>
      <TDFORMAT>*</TDFORMAT>
      <TDLINE>Cet assistant va vous permettre de générer les élèments permettant de</TDLINE>
     </TLINE>
     <TLINE>
      <TDLINE>gérer la parallélisation des traitements sur des modules fonctions et/ou</TDLINE>
     </TLINE>
     <TLINE>
      <TDLINE>méthodes statiques.</TDLINE>
     </TLINE>
    </LINES>
   </DOC>
  </asx:values>
 </asx:abap>
</abapGit>
