﻿<?xml version="1.0" encoding="utf-8"?>
<abapGit version="v1.0.0" serializer="LCL_OBJECT_CLAS" serializer_version="v1.0.0">
 <asx:abap xmlns:asx="http://www.sap.com/abapxml" version="1.0">
  <asx:values>
   <VSEOCLASS>
    <CLSNAME>ZCL_TASK_SHM_ROOT</CLSNAME>
    <VERSION>1</VERSION>
    <LANGU>F</LANGU>
    <DESCRIPT>Tâche - SHM Racine</DESCRIPT>
    <EXPOSURE>2</EXPOSURE>
    <STATE>1</STATE>
    <CLSFINAL>X</CLSFINAL>
    <CLSCCINCL>X</CLSCCINCL>
    <FIXPT>X</FIXPT>
    <UNICODE>X</UNICODE>
    <CLSSHAREDMEMORY>X</CLSSHAREDMEMORY>
   </VSEOCLASS>
   <TPOOL/>
   <DESCRIPTIONS>
    <SEOCOMPOTX>
     <CLSNAME>ZCL_TASK_SHM_ROOT</CLSNAME>
     <CMPNAME>TASK_MANAGER_DEREGISTER</CMPNAME>
     <LANGU>F</LANGU>
     <DESCRIPT>Manager Tâche - Désenregistrement</DESCRIPT>
    </SEOCOMPOTX>
    <SEOCOMPOTX>
     <CLSNAME>ZCL_TASK_SHM_ROOT</CLSNAME>
     <CMPNAME>TASK_MANAGER_IS_REGISTERED</CMPNAME>
     <LANGU>F</LANGU>
     <DESCRIPT>Manager Tâche - Déjà enregistrée ?</DESCRIPT>
    </SEOCOMPOTX>
    <SEOCOMPOTX>
     <CLSNAME>ZCL_TASK_SHM_ROOT</CLSNAME>
     <CMPNAME>TASK_MANAGER_REGISTER</CMPNAME>
     <LANGU>F</LANGU>
     <DESCRIPT>Manager Tâche - Enregistrement</DESCRIPT>
    </SEOCOMPOTX>
   </DESCRIPTIONS>
  </asx:values>
 </asx:abap>
</abapGit>
