﻿<?xml version="1.0" encoding="utf-8"?>
<abapGit version="v1.0.0" serializer="LCL_OBJECT_CLAS" serializer_version="v1.0.0">
 <asx:abap xmlns:asx="http://www.sap.com/abapxml" version="1.0">
  <asx:values>
   <VSEOCLASS>
    <CLSNAME>ZCL_IM_WB_OBJ_CTMENU</CLSNAME>
    <VERSION>1</VERSION>
    <LANGU>F</LANGU>
    <DESCRIPT>Classe d&apos;implémentation pour implémentation de Business Add-</DESCRIPT>
    <EXPOSURE>2</EXPOSURE>
    <STATE>1</STATE>
    <CLSFINAL>X</CLSFINAL>
    <CLSCCINCL>X</CLSCCINCL>
    <FIXPT>X</FIXPT>
    <UNICODE>X</UNICODE>
   </VSEOCLASS>
   <TPOOL>
    <item>
     <ID>I</ID>
     <KEY>A01</KEY>
     <ENTRY>Assistant</ENTRY>
     <LENGTH>19</LENGTH>
    </item>
    <item>
     <ID>I</ID>
     <KEY>N01</KEY>
     <ENTRY>Cadriciel Tâche</ENTRY>
     <LENGTH>15</LENGTH>
    </item>
   </TPOOL>
   <DESCRIPTIONS>
    <SEOCOMPOTX>
     <CLSNAME>ZCL_IM_WB_OBJ_CTMENU</CLSNAME>
     <CMPNAME>CLASS_CONSTRUCTOR</CMPNAME>
     <LANGU>F</LANGU>
     <DESCRIPT>CLASS_CONSTRUCTOR</DESCRIPT>
    </SEOCOMPOTX>
    <SEOCOMPOTX>
     <CLSNAME>ZCL_IM_WB_OBJ_CTMENU</CLSNAME>
     <CMPNAME>CONSTRUCTOR</CMPNAME>
     <LANGU>F</LANGU>
     <DESCRIPT>CONSTRUCTOR</DESCRIPT>
    </SEOCOMPOTX>
    <SEOCOMPOTX>
     <CLSNAME>ZCL_IM_WB_OBJ_CTMENU</CLSNAME>
     <CMPNAME>MC_FC_TASK_WZ</CMPNAME>
     <LANGU>F</LANGU>
     <DESCRIPT>Code de fonction</DESCRIPT>
    </SEOCOMPOTX>
    <SEOCOMPOTX>
     <CLSNAME>ZCL_IM_WB_OBJ_CTMENU</CLSNAME>
     <CMPNAME>TASK_CTXT_MENU_ADD</CMPNAME>
     <LANGU>F</LANGU>
     <DESCRIPT>Tâche - Menu Contextuel - Ajout</DESCRIPT>
    </SEOCOMPOTX>
    <SEOCOMPOTX>
     <CLSNAME>ZCL_IM_WB_OBJ_CTMENU</CLSNAME>
     <CMPNAME>TASK_CTXT_MENU_SET</CMPNAME>
     <LANGU>F</LANGU>
     <DESCRIPT>Tâche - Menu Contextuel - Initialisation</DESCRIPT>
    </SEOCOMPOTX>
   </DESCRIPTIONS>
  </asx:values>
 </asx:abap>
</abapGit>
