﻿<?xml version="1.0" encoding="utf-8"?>
<abapGit version="v1.0.0" serializer="LCL_OBJECT_CLAS" serializer_version="v1.0.0">
 <asx:abap xmlns:asx="http://www.sap.com/abapxml" version="1.0">
  <asx:values>
   <VSEOCLASS>
    <CLSNAME>ZCL_TASK_MANAGER_SIMPLIFY</CLSNAME>
    <VERSION>1</VERSION>
    <LANGU>F</LANGU>
    <DESCRIPT>Manager de Tâche Simplifié - Instance</DESCRIPT>
    <STATE>1</STATE>
    <CLSFINAL>X</CLSFINAL>
    <CLSCCINCL>X</CLSCCINCL>
    <FIXPT>X</FIXPT>
    <UNICODE>X</UNICODE>
   </VSEOCLASS>
   <TPOOL/>
   <DESCRIPTIONS>
    <SEOCOMPOTX>
     <CLSNAME>ZCL_TASK_MANAGER_SIMPLIFY</CLSNAME>
     <CMPNAME>AT_EOT</CMPNAME>
     <LANGU>F</LANGU>
     <DESCRIPT>Handler : Fin d&apos;une Tâche</DESCRIPT>
    </SEOCOMPOTX>
    <SEOCOMPOTX>
     <CLSNAME>ZCL_TASK_MANAGER_SIMPLIFY</CLSNAME>
     <CMPNAME>CONSTRUCTOR</CMPNAME>
     <LANGU>F</LANGU>
     <DESCRIPT>CONSTRUCTOR</DESCRIPT>
    </SEOCOMPOTX>
    <SEOCOMPOTX>
     <CLSNAME>ZCL_TASK_MANAGER_SIMPLIFY</CLSNAME>
     <CMPNAME>EXECUTE</CMPNAME>
     <LANGU>F</LANGU>
     <DESCRIPT>Exécution</DESCRIPT>
    </SEOCOMPOTX>
    <SEOCOMPOTX>
     <CLSNAME>ZCL_TASK_MANAGER_SIMPLIFY</CLSNAME>
     <CMPNAME>PROCESS_RESULT_GET</CMPNAME>
     <LANGU>F</LANGU>
     <DESCRIPT>Récupération données issues des traitements</DESCRIPT>
    </SEOCOMPOTX>
    <SEOCOMPOTX>
     <CLSNAME>ZCL_TASK_MANAGER_SIMPLIFY</CLSNAME>
     <CMPNAME>PROCESS_RUN</CMPNAME>
     <LANGU>F</LANGU>
     <DESCRIPT>Lancement du traitement</DESCRIPT>
    </SEOCOMPOTX>
   </DESCRIPTIONS>
  </asx:values>
 </asx:abap>
</abapGit>
