﻿<?xml version="1.0" encoding="utf-8"?>
<abapGit version="v1.0.0" serializer="LCL_OBJECT_DTEL" serializer_version="v1.0.0">
 <asx:abap xmlns:asx="http://www.sap.com/abapxml" version="1.0">
  <asx:values>
   <DD04V>
    <ROLLNAME>ZSHM_MANAGEMENT</ROLLNAME>
    <DDLANGUAGE>F</DDLANGUAGE>
    <DOMNAME>XFELD</DOMNAME>
    <HEADLEN>17</HEADLEN>
    <SCRLEN1>10</SCRLEN1>
    <SCRLEN2>15</SCRLEN2>
    <SCRLEN3>20</SCRLEN3>
    <DDTEXT>SHM - Gestion de la SHM</DDTEXT>
    <REPTEXT>Gestion de la SHM</REPTEXT>
    <SCRTEXT_S>Gest. SHM</SCRTEXT_S>
    <SCRTEXT_M>Gest. SHM</SCRTEXT_M>
    <SCRTEXT_L>Gestion de la SHM</SCRTEXT_L>
    <DTELMASTER>F</DTELMASTER>
    <REFKIND>D</REFKIND>
   </DD04V>
   <TPARA/>
  </asx:values>
 </asx:abap>
</abapGit>
