﻿<?xml version="1.0" encoding="utf-8"?>
<abapGit version="v1.0.0" serializer="LCL_OBJECT_TABL" serializer_version="v1.0.0">
 <asx:abap xmlns:asx="http://www.sap.com/abapxml" version="1.0">
  <asx:values>
   <DD02V>
    <TABNAME>ZTASK_FUNC_PARAM</TABNAME>
    <DDLANGUAGE>F</DDLANGUAGE>
    <TABCLASS>TRANSP</TABCLASS>
    <CLIDEP>X</CLIDEP>
    <LANGDEP>X</LANGDEP>
    <DDTEXT>Tâche - Paramétrage sur Traitement d&apos;Appel</DDTEXT>
    <MAINFLAG>X</MAINFLAG>
    <CONTFLAG>C</CONTFLAG>
    <EXCLASS>1</EXCLASS>
   </DD02V>
   <DD09L>
    <TABNAME>ZTASK_FUNC_PARAM</TABNAME>
    <AS4LOCAL>A</AS4LOCAL>
    <TABKAT>0</TABKAT>
    <TABART>APPL1</TABART>
    <PUFFERUNG>X</PUFFERUNG>
    <BUFALLOW>X</BUFALLOW>
    <ROWORCOLST>C</ROWORCOLST>
   </DD09L>
   <DD03P_TABLE>
    <DD03P>
     <TABNAME>ZTASK_FUNC_PARAM</TABNAME>
     <FIELDNAME>MANDT</FIELDNAME>
     <POSITION>0001</POSITION>
     <KEYFLAG>X</KEYFLAG>
     <ROLLNAME>MANDT</ROLLNAME>
     <ADMINFIELD>0</ADMINFIELD>
     <NOTNULL>X</NOTNULL>
     <RESERVEDTE>D</RESERVEDTE>
     <COMPTYPE>E</COMPTYPE>
    </DD03P>
    <DD03P>
     <TABNAME>ZTASK_FUNC_PARAM</TABNAME>
     <FIELDNAME>PARAM_GUID</FIELDNAME>
     <POSITION>0002</POSITION>
     <KEYFLAG>X</KEYFLAG>
     <ROLLNAME>SYSUUID_X16</ROLLNAME>
     <ADMINFIELD>0</ADMINFIELD>
     <NOTNULL>X</NOTNULL>
     <COMPTYPE>E</COMPTYPE>
    </DD03P>
    <DD03P>
     <TABNAME>ZTASK_FUNC_PARAM</TABNAME>
     <FIELDNAME>FUNCNAME</FIELDNAME>
     <POSITION>0003</POSITION>
     <ROLLNAME>RS38L_FNAM</ROLLNAME>
     <ADMINFIELD>0</ADMINFIELD>
     <COMPTYPE>E</COMPTYPE>
    </DD03P>
    <DD03P>
     <TABNAME>ZTASK_FUNC_PARAM</TABNAME>
     <FIELDNAME>CLASS_NAME</FIELDNAME>
     <POSITION>0004</POSITION>
     <ROLLNAME>SEOCLSNAME</ROLLNAME>
     <ADMINFIELD>0</ADMINFIELD>
     <COMPTYPE>E</COMPTYPE>
    </DD03P>
    <DD03P>
     <TABNAME>ZTASK_FUNC_PARAM</TABNAME>
     <FIELDNAME>METHOD_NAME</FIELDNAME>
     <POSITION>0005</POSITION>
     <ROLLNAME>SEOMTDNAME</ROLLNAME>
     <ADMINFIELD>0</ADMINFIELD>
     <COMPTYPE>E</COMPTYPE>
    </DD03P>
    <DD03P>
     <TABNAME>ZTASK_FUNC_PARAM</TABNAME>
     <FIELDNAME>.INCLUDE</FIELDNAME>
     <DDLANGUAGE>F</DDLANGUAGE>
     <POSITION>0006</POSITION>
     <ADMINFIELD>0</ADMINFIELD>
     <PRECFIELD>ZTEC_S_TASK_TRACE_PARAM</PRECFIELD>
     <MASK>      S</MASK>
     <DDTEXT>Tâche - Paramètre de Trace</DDTEXT>
     <COMPTYPE>S</COMPTYPE>
    </DD03P>
    <DD03P>
     <TABNAME>ZTASK_FUNC_PARAM</TABNAME>
     <FIELDNAME>SHM_MANAGEMENT</FIELDNAME>
     <POSITION>0009</POSITION>
     <ROLLNAME>ZSHM_MANAGEMENT</ROLLNAME>
     <ADMINFIELD>0</ADMINFIELD>
     <VALEXI>X</VALEXI>
     <SHLPORIGIN>F</SHLPORIGIN>
     <COMPTYPE>E</COMPTYPE>
    </DD03P>
    <DD03P>
     <TABNAME>ZTASK_FUNC_PARAM</TABNAME>
     <FIELDNAME>.INCLUDE</FIELDNAME>
     <DDLANGUAGE>F</DDLANGUAGE>
     <POSITION>0010</POSITION>
     <ADMINFIELD>0</ADMINFIELD>
     <PRECFIELD>ZTEC_S_TASK_COMPRESS_PARAM</PRECFIELD>
     <MASK>      S</MASK>
     <DDTEXT>Tâche - Paramètres de compression</DDTEXT>
     <COMPTYPE>S</COMPTYPE>
    </DD03P>
   </DD03P_TABLE>
   <DD05M_TABLE/>
   <DD08V_TABLE/>
   <DD12V>
    <DD12V>
     <SQLTAB>ZTASK_FUNC_PARAM</SQLTAB>
     <INDEXNAME>ZFU</INDEXNAME>
     <AS4LOCAL>A</AS4LOCAL>
     <DDLANGUAGE>F</DDLANGUAGE>
     <DDTEXT>Index sur Module Fonction</DDTEXT>
    </DD12V>
    <DD12V>
     <SQLTAB>ZTASK_FUNC_PARAM</SQLTAB>
     <INDEXNAME>ZME</INDEXNAME>
     <AS4LOCAL>A</AS4LOCAL>
     <DDLANGUAGE>F</DDLANGUAGE>
     <DDTEXT>Index sur Classe / Méthode</DDTEXT>
    </DD12V>
   </DD12V>
   <DD17V>
    <DD17V>
     <SQLTAB>ZTASK_FUNC_PARAM</SQLTAB>
     <INDEXNAME>ZFU</INDEXNAME>
     <POSITION>0001</POSITION>
     <AS4LOCAL>A</AS4LOCAL>
     <FIELDNAME>MANDT</FIELDNAME>
    </DD17V>
    <DD17V>
     <SQLTAB>ZTASK_FUNC_PARAM</SQLTAB>
     <INDEXNAME>ZFU</INDEXNAME>
     <POSITION>0002</POSITION>
     <AS4LOCAL>A</AS4LOCAL>
     <FIELDNAME>FUNCNAME</FIELDNAME>
    </DD17V>
    <DD17V>
     <SQLTAB>ZTASK_FUNC_PARAM</SQLTAB>
     <INDEXNAME>ZME</INDEXNAME>
     <POSITION>0001</POSITION>
     <AS4LOCAL>A</AS4LOCAL>
     <FIELDNAME>MANDT</FIELDNAME>
    </DD17V>
    <DD17V>
     <SQLTAB>ZTASK_FUNC_PARAM</SQLTAB>
     <INDEXNAME>ZME</INDEXNAME>
     <POSITION>0002</POSITION>
     <AS4LOCAL>A</AS4LOCAL>
     <FIELDNAME>CLASS_NAME</FIELDNAME>
    </DD17V>
    <DD17V>
     <SQLTAB>ZTASK_FUNC_PARAM</SQLTAB>
     <INDEXNAME>ZME</INDEXNAME>
     <POSITION>0003</POSITION>
     <AS4LOCAL>A</AS4LOCAL>
     <FIELDNAME>METHOD_NAME</FIELDNAME>
    </DD17V>
   </DD17V>
   <DD35V_TALE/>
   <DD36M/>
  </asx:values>
 </asx:abap>
</abapGit>
