﻿<?xml version="1.0" encoding="utf-8"?>
<abapGit version="v1.0.0" serializer="LCL_OBJECT_DTEL" serializer_version="v1.0.0">
 <asx:abap xmlns:asx="http://www.sap.com/abapxml" version="1.0">
  <asx:values>
   <DD04V>
    <ROLLNAME>ZTASK_DATA_COMPRESS_LINE</ROLLNAME>
    <DDLANGUAGE>F</DDLANGUAGE>
    <DOMNAME>XSDBOOLEAN</DOMNAME>
    <HEADLEN>55</HEADLEN>
    <SCRLEN1>10</SCRLEN1>
    <SCRLEN2>20</SCRLEN2>
    <SCRLEN3>40</SCRLEN3>
    <DDTEXT>Tâche - Données - Compression données (ligne)</DDTEXT>
    <REPTEXT>Compression données lignes / lignes</REPTEXT>
    <SCRTEXT_S>Comp.</SCRTEXT_S>
    <SCRTEXT_M>Comp. L/L</SCRTEXT_M>
    <SCRTEXT_L>Compression données</SCRTEXT_L>
    <DTELMASTER>F</DTELMASTER>
    <REFKIND>D</REFKIND>
   </DD04V>
   <TPARA/>
  </asx:values>
 </asx:abap>
</abapGit>
