﻿<?xml version="1.0" encoding="utf-8"?>
<abapGit version="v1.0.0" serializer="LCL_OBJECT_FUGR" serializer_version="v1.0.0">
 <asx:abap xmlns:asx="http://www.sap.com/abapxml" version="1.0">
  <asx:values>
   <AREAT>GF Traitement Tâche Paralléle</AREAT>
   <INCLUDES>
    <SOBJ_NAME>LZTEC_TASK_PARALLELF01</SOBJ_NAME>
    <SOBJ_NAME>LZTEC_TASK_PARALLELF02</SOBJ_NAME>
    <SOBJ_NAME>LZTEC_TASK_PARALLELF03</SOBJ_NAME>
    <SOBJ_NAME>LZTEC_TASK_PARALLELTOP</SOBJ_NAME>
    <SOBJ_NAME>SAPLZTEC_TASK_PARALLEL</SOBJ_NAME>
   </INCLUDES>
   <FUNCTIONS>
    <item>
     <FUNCNAME>Z_CONVERT_STRUCT_DYN_TO_STATIC</FUNCNAME>
     <INCLUDE>LZTEC_TASK_PARALLELU03</INCLUDE>
     <SHORT_TEXT>Conversion structure dynamique en statique</SHORT_TEXT>
     <IMPORT>
      <RSIMP>
       <PARAMETER>IS_DATA</PARAMETER>
       <OPTIONAL>X</OPTIONAL>
       <REFERENCE>X</REFERENCE>
       <TYP>ANY</TYP>
      </RSIMP>
      <RSIMP>
       <PARAMETER>IOS_DATA</PARAMETER>
       <OPTIONAL>X</OPTIONAL>
       <REFERENCE>X</REFERENCE>
       <TYP>REF TO DATA</TYP>
       <REF_CLASS>X</REF_CLASS>
      </RSIMP>
      <RSIMP>
       <PARAMETER>IV_SUB_DATA_GUID</PARAMETER>
       <OPTIONAL>X</OPTIONAL>
       <REFERENCE>X</REFERENCE>
       <TYP>SYSUUID_C32</TYP>
      </RSIMP>
     </IMPORT>
     <EXPORT>
      <RSEXP>
       <PARAMETER>ET_CONTENT_STATIC</PARAMETER>
       <REFERENCE>X</REFERENCE>
       <TYP>ZTEC_T_CONTENT_DATA</TYP>
      </RSEXP>
     </EXPORT>
     <DOCUMENTATION>
      <RSFDO>
       <PARAMETER>IS_DATA</PARAMETER>
       <KIND>P</KIND>
       <STEXT>Structure de donnÃ©es</STEXT>
       <INDEX> 001</INDEX>
      </RSFDO>
      <RSFDO>
       <PARAMETER>IOS_DATA</PARAMETER>
       <KIND>P</KIND>
       <STEXT>Structure de donnÃ©es (RÃ©fÃ©rence)</STEXT>
       <INDEX> 002</INDEX>
      </RSFDO>
      <RSFDO>
       <PARAMETER>IV_SUB_DATA_GUID</PARAMETER>
       <KIND>P</KIND>
       <STEXT>16 Byte UUID in 16 Bytes (Raw Format)</STEXT>
       <INDEX> 003</INDEX>
      </RSFDO>
      <RSFDO>
       <PARAMETER>ET_CONTENT_STATIC</PARAMETER>
       <KIND>P</KIND>
       <STEXT>Type de table contenu de table</STEXT>
       <INDEX> 004</INDEX>
      </RSFDO>
     </DOCUMENTATION>
    </item>
    <item>
     <FUNCNAME>Z_CONVERT_STRUCT_STATIC_TO_DYN</FUNCNAME>
     <INCLUDE>LZTEC_TASK_PARALLELU04</INCLUDE>
     <SHORT_TEXT>Conversion table statique en dynamique</SHORT_TEXT>
     <IMPORT>
      <RSIMP>
       <PARAMETER>IV_TYPE</PARAMETER>
       <TYP>CLIKE</TYP>
      </RSIMP>
      <RSIMP>
       <PARAMETER>IV_SUB_DATA_GUID</PARAMETER>
       <OPTIONAL>X</OPTIONAL>
       <TYP>SYSUUID_C32</TYP>
      </RSIMP>
      <RSIMP>
       <PARAMETER>IT_CONTENT_STATIC</PARAMETER>
       <REFERENCE>X</REFERENCE>
       <TYP>ZTEC_T_CONTENT_DATA</TYP>
      </RSIMP>
     </IMPORT>
     <EXPORT>
      <RSEXP>
       <PARAMETER>ES_DATA</PARAMETER>
       <REFERENCE>X</REFERENCE>
       <TYP>ANY</TYP>
      </RSEXP>
      <RSEXP>
       <PARAMETER>EOS_DATA</PARAMETER>
       <REFERENCE>X</REFERENCE>
       <TYP>REF TO DATA</TYP>
       <REF_CLASS>X</REF_CLASS>
      </RSEXP>
     </EXPORT>
     <DOCUMENTATION>
      <RSFDO>
       <PARAMETER>IV_TYPE</PARAMETER>
       <KIND>P</KIND>
       <STEXT>Type de table</STEXT>
       <INDEX> 001</INDEX>
      </RSFDO>
      <RSFDO>
       <PARAMETER>IV_SUB_DATA_GUID</PARAMETER>
       <KIND>P</KIND>
       <STEXT>GUID Sous-Ã‰lÃ©ment</STEXT>
       <INDEX> 002</INDEX>
      </RSFDO>
      <RSFDO>
       <PARAMETER>IT_CONTENT_STATIC</PARAMETER>
       <KIND>P</KIND>
       <STEXT>Type de table contenu de table</STEXT>
       <INDEX> 003</INDEX>
      </RSFDO>
      <RSFDO>
       <PARAMETER>ES_DATA</PARAMETER>
       <KIND>P</KIND>
       <INDEX> 004</INDEX>
      </RSFDO>
      <RSFDO>
       <PARAMETER>EOS_DATA</PARAMETER>
       <KIND>P</KIND>
       <STEXT>Structure dynamique</STEXT>
       <INDEX> 005</INDEX>
      </RSFDO>
     </DOCUMENTATION>
    </item>
    <item>
     <FUNCNAME>Z_CONVERT_TABLE_DYN_TO_STATIC</FUNCNAME>
     <INCLUDE>LZTEC_TASK_PARALLELU01</INCLUDE>
     <SHORT_TEXT>Conversion table dynamique en statique</SHORT_TEXT>
     <IMPORT>
      <RSIMP>
       <PARAMETER>IT_DATA</PARAMETER>
       <OPTIONAL>X</OPTIONAL>
       <REFERENCE>X</REFERENCE>
       <TYP>ANY TABLE</TYP>
      </RSIMP>
      <RSIMP>
       <PARAMETER>IOT_DATA</PARAMETER>
       <OPTIONAL>X</OPTIONAL>
       <REFERENCE>X</REFERENCE>
       <TYP>REF TO DATA</TYP>
       <REF_CLASS>X</REF_CLASS>
      </RSIMP>
      <RSIMP>
       <PARAMETER>IV_SUB_DATA_GUID</PARAMETER>
       <OPTIONAL>X</OPTIONAL>
       <TYP>SYSUUID_C32</TYP>
      </RSIMP>
     </IMPORT>
     <EXPORT>
      <RSEXP>
       <PARAMETER>ET_CONTENT_STATIC</PARAMETER>
       <REFERENCE>X</REFERENCE>
       <TYP>ZTEC_T_CONTENT_DATA</TYP>
      </RSEXP>
      <RSEXP>
       <PARAMETER>ET_CONTENT_RAW</PARAMETER>
       <REFERENCE>X</REFERENCE>
       <TYP>SRM_T_BINTAB</TYP>
      </RSEXP>
      <RSEXP>
       <PARAMETER>ET_CONTENT_XSTRING</PARAMETER>
       <REFERENCE>X</REFERENCE>
       <TYP>XSTRINGTAB</TYP>
      </RSEXP>
     </EXPORT>
     <DOCUMENTATION>
      <RSFDO>
       <PARAMETER>IT_DATA</PARAMETER>
       <KIND>P</KIND>
       <STEXT>Table de donnÃ©es</STEXT>
       <INDEX> 001</INDEX>
      </RSFDO>
      <RSFDO>
       <PARAMETER>IOT_DATA</PARAMETER>
       <KIND>P</KIND>
       <STEXT>Table de donnÃ©es (RÃ©fÃ©rence)</STEXT>
       <INDEX> 002</INDEX>
      </RSFDO>
      <RSFDO>
       <PARAMETER>IV_SUB_DATA_GUID</PARAMETER>
       <KIND>P</KIND>
       <STEXT>GUID Sous-Ã‰lÃ©ment</STEXT>
       <INDEX> 003</INDEX>
      </RSFDO>
      <RSFDO>
       <PARAMETER>ET_CONTENT_STATIC</PARAMETER>
       <KIND>P</KIND>
       <STEXT>Type de table contenu de table</STEXT>
       <INDEX> 004</INDEX>
      </RSFDO>
      <RSFDO>
       <PARAMETER>ET_CONTENT_RAW</PARAMETER>
       <KIND>P</KIND>
       <STEXT>Table binaire</STEXT>
       <INDEX> 005</INDEX>
      </RSFDO>
      <RSFDO>
       <PARAMETER>ET_CONTENT_XSTRING</PARAMETER>
       <KIND>P</KIND>
       <STEXT>Table with XStrings</STEXT>
       <INDEX> 006</INDEX>
      </RSFDO>
     </DOCUMENTATION>
    </item>
    <item>
     <FUNCNAME>Z_CONVERT_TABLE_STATIC_TO_DYN</FUNCNAME>
     <INCLUDE>LZTEC_TASK_PARALLELU02</INCLUDE>
     <SHORT_TEXT>Conversion table statique en dynamique</SHORT_TEXT>
     <IMPORT>
      <RSIMP>
       <PARAMETER>IV_TYPE</PARAMETER>
       <OPTIONAL>X</OPTIONAL>
       <TYP>CLIKE</TYP>
      </RSIMP>
      <RSIMP>
       <PARAMETER>IV_SUB_DATA_GUID</PARAMETER>
       <OPTIONAL>X</OPTIONAL>
       <TYP>SYSUUID_C32</TYP>
      </RSIMP>
      <RSIMP>
       <PARAMETER>IT_CONTENT_STATIC</PARAMETER>
       <OPTIONAL>X</OPTIONAL>
       <REFERENCE>X</REFERENCE>
       <TYP>ZTEC_T_CONTENT_DATA</TYP>
      </RSIMP>
      <RSIMP>
       <PARAMETER>IT_CONTENT_RAW</PARAMETER>
       <OPTIONAL>X</OPTIONAL>
       <REFERENCE>X</REFERENCE>
       <TYP>SRM_T_BINTAB</TYP>
      </RSIMP>
      <RSIMP>
       <PARAMETER>IT_CONTENT_XSTRING</PARAMETER>
       <OPTIONAL>X</OPTIONAL>
       <REFERENCE>X</REFERENCE>
       <TYP>XSTRINGTAB</TYP>
      </RSIMP>
     </IMPORT>
     <CHANGING>
      <RSCHA>
       <PARAMETER>CT_DATA</PARAMETER>
       <OPTIONAL>X</OPTIONAL>
       <REFERENCE>X</REFERENCE>
       <TYP>ANY TABLE</TYP>
      </RSCHA>
      <RSCHA>
       <PARAMETER>COT_DATA</PARAMETER>
       <OPTIONAL>X</OPTIONAL>
       <REFERENCE>X</REFERENCE>
       <TYP>REF TO DATA</TYP>
       <REF_CLASS>X</REF_CLASS>
      </RSCHA>
     </CHANGING>
     <EXPORT>
      <RSEXP>
       <PARAMETER>ET_DATA</PARAMETER>
       <REFERENCE>X</REFERENCE>
       <TYP>ANY TABLE</TYP>
      </RSEXP>
      <RSEXP>
       <PARAMETER>EOT_DATA</PARAMETER>
       <REFERENCE>X</REFERENCE>
       <TYP>REF TO DATA</TYP>
       <REF_CLASS>X</REF_CLASS>
      </RSEXP>
     </EXPORT>
     <DOCUMENTATION>
      <RSFDO>
       <PARAMETER>IV_TYPE</PARAMETER>
       <KIND>P</KIND>
       <STEXT>Type de table</STEXT>
       <INDEX> 001</INDEX>
      </RSFDO>
      <RSFDO>
       <PARAMETER>IV_SUB_DATA_GUID</PARAMETER>
       <KIND>P</KIND>
       <STEXT>GUID Sous-Ã‰lÃ©ment</STEXT>
       <INDEX> 002</INDEX>
      </RSFDO>
      <RSFDO>
       <PARAMETER>IT_CONTENT_STATIC</PARAMETER>
       <KIND>P</KIND>
       <STEXT>Type de table contenu de table</STEXT>
       <INDEX> 003</INDEX>
      </RSFDO>
      <RSFDO>
       <PARAMETER>IT_CONTENT_RAW</PARAMETER>
       <KIND>P</KIND>
       <STEXT>Table binaire</STEXT>
       <INDEX> 004</INDEX>
      </RSFDO>
      <RSFDO>
       <PARAMETER>IT_CONTENT_XSTRING</PARAMETER>
       <KIND>P</KIND>
       <STEXT>Table with XStrings</STEXT>
       <INDEX> 005</INDEX>
      </RSFDO>
      <RSFDO>
       <PARAMETER>ET_DATA</PARAMETER>
       <KIND>P</KIND>
       <INDEX> 006</INDEX>
      </RSFDO>
      <RSFDO>
       <PARAMETER>EOT_DATA</PARAMETER>
       <KIND>P</KIND>
       <STEXT>Table dynamique</STEXT>
       <INDEX> 007</INDEX>
      </RSFDO>
      <RSFDO>
       <PARAMETER>CT_DATA</PARAMETER>
       <KIND>P</KIND>
       <INDEX> 008</INDEX>
      </RSFDO>
      <RSFDO>
       <PARAMETER>COT_DATA</PARAMETER>
       <KIND>P</KIND>
       <INDEX> 009</INDEX>
      </RSFDO>
     </DOCUMENTATION>
    </item>
    <item>
     <FUNCNAME>Z_TASK_CALL_PROCESS</FUNCNAME>
     <INCLUDE>LZTEC_TASK_PARALLELU05</INCLUDE>
     <REMOTE_CALL>R</REMOTE_CALL>
     <SHORT_TEXT>Appel traitement //</SHORT_TEXT>
     <IMPORT>
      <RSIMP>
       <PARAMETER>IS_TASK_CALL_PROCESS</PARAMETER>
       <TYP>ZTEC_S_TASK_CALL_PROCESS</TYP>
      </RSIMP>
      <RSIMP>
       <PARAMETER>IT_TASK_CALL_PARAMETERS</PARAMETER>
       <TYP>ZTEC_T_FUNCTION_PARAMETERS</TYP>
      </RSIMP>
      <RSIMP>
       <PARAMETER>IV_TASK_CALL_DATA_COMPRESSED</PARAMETER>
       <OPTIONAL>X</OPTIONAL>
       <TYP>ASR_CONTAINER_CONTENT</TYP>
      </RSIMP>
      <RSIMP>
       <PARAMETER>IS_TASK_DATA_COMPRESS_PARAM</PARAMETER>
       <TYP>ZTEC_S_TASK_COMPRESS_PARAM</TYP>
      </RSIMP>
     </IMPORT>
     <EXPORT>
      <RSEXP>
       <PARAMETER>ET_TASK_RESULT</PARAMETER>
       <TYP>ZTEC_T_FUNCTION_PARAMETERS</TYP>
      </RSEXP>
      <RSEXP>
       <PARAMETER>EV_TASK_RESULT_DATA_COMPRESSED</PARAMETER>
       <TYP>XSTRING</TYP>
      </RSEXP>
     </EXPORT>
     <EXCEPTION>
      <RSEXC>
       <EXCEPTION>DYNAMIC_CONVERT_ERROR</EXCEPTION>
      </RSEXC>
      <RSEXC>
       <EXCEPTION>CALL_PROCESS_ERROR</EXCEPTION>
      </RSEXC>
      <RSEXC>
       <EXCEPTION>DURING_PROCESS_ERROR</EXCEPTION>
      </RSEXC>
     </EXCEPTION>
     <DOCUMENTATION>
      <RSFDO>
       <PARAMETER>IS_TASK_CALL_PROCESS</PARAMETER>
       <KIND>P</KIND>
       <STEXT>Tâche - Traitement à lancer</STEXT>
       <INDEX> 001</INDEX>
      </RSFDO>
      <RSFDO>
       <PARAMETER>IT_TASK_CALL_PARAMETERS</PARAMETER>
       <KIND>P</KIND>
       <STEXT>Type de table paramètre d&apos;appel Statique</STEXT>
       <INDEX> 002</INDEX>
      </RSFDO>
      <RSFDO>
       <PARAMETER>IV_TASK_CALL_DATA_COMPRESSED</PARAMETER>
       <KIND>P</KIND>
       <STEXT>Contenu d&apos;un conteneur de données</STEXT>
       <INDEX> 003</INDEX>
      </RSFDO>
      <RSFDO>
       <PARAMETER>IS_TASK_DATA_COMPRESS_PARAM</PARAMETER>
       <KIND>P</KIND>
       <STEXT>Tâche - Paramètres de compression</STEXT>
       <INDEX> 004</INDEX>
      </RSFDO>
      <RSFDO>
       <PARAMETER>ET_TASK_RESULT</PARAMETER>
       <KIND>P</KIND>
       <STEXT>Table paramètres d&apos;appel statique</STEXT>
       <INDEX> 005</INDEX>
      </RSFDO>
      <RSFDO>
       <PARAMETER>EV_TASK_RESULT_DATA_COMPRESSED</PARAMETER>
       <KIND>P</KIND>
       <STEXT>Données compressées</STEXT>
       <INDEX> 006</INDEX>
      </RSFDO>
      <RSFDO>
       <PARAMETER>DYNAMIC_CONVERT_ERROR</PARAMETER>
       <KIND>X</KIND>
       <STEXT>Erreur lors de la conversion des paramètres dynamiques</STEXT>
       <INDEX> 007</INDEX>
      </RSFDO>
      <RSFDO>
       <PARAMETER>CALL_PROCESS_ERROR</PARAMETER>
       <KIND>X</KIND>
       <STEXT>Erreur lors de l&apos;appel du traitement</STEXT>
       <INDEX> 008</INDEX>
      </RSFDO>
      <RSFDO>
       <PARAMETER>DURING_PROCESS_ERROR</PARAMETER>
       <KIND>X</KIND>
       <STEXT>Erreur lors du traitement à appeler</STEXT>
       <INDEX> 009</INDEX>
      </RSFDO>
     </DOCUMENTATION>
    </item>
    <item>
     <FUNCNAME>Z_TASK_TRACE_SAVE_TO_DB</FUNCNAME>
     <INCLUDE>LZTEC_TASK_PARALLELU06</INCLUDE>
     <REMOTE_CALL>R</REMOTE_CALL>
     <SHORT_TEXT>Trace Tâche - Sauvegarde dans la DB</SHORT_TEXT>
     <IMPORT>
      <RSIMP>
       <PARAMETER>IT_ZTASK_TRACE</PARAMETER>
       <TYP>ZTASK_TRACE_H_T</TYP>
      </RSIMP>
      <RSIMP>
       <PARAMETER>IV_COMMIT</PARAMETER>
       <OPTIONAL>X</OPTIONAL>
       <TYP>FLAG</TYP>
      </RSIMP>
     </IMPORT>
     <EXPORT>
      <RSEXP>
       <PARAMETER>EV_SUBRC</PARAMETER>
       <TYP>SY-SUBRC</TYP>
      </RSEXP>
     </EXPORT>
     <DOCUMENTATION>
      <RSFDO>
       <PARAMETER>IT_ZTASK_TRACE</PARAMETER>
       <KIND>P</KIND>
       <STEXT>Trace Tâche - Type de table</STEXT>
       <INDEX> 001</INDEX>
      </RSFDO>
      <RSFDO>
       <PARAMETER>IV_COMMIT</PARAMETER>
       <KIND>P</KIND>
       <STEXT>Commit des données ?</STEXT>
       <INDEX> 002</INDEX>
      </RSFDO>
      <RSFDO>
       <PARAMETER>EV_SUBRC</PARAMETER>
       <KIND>P</KIND>
       <STEXT>Zone système ABAP : code retour des instructions ABAP</STEXT>
       <INDEX> 003</INDEX>
      </RSFDO>
     </DOCUMENTATION>
    </item>
   </FUNCTIONS>
   <DYNPROS/>
   <CUA/>
  </asx:values>
 </asx:abap>
</abapGit>
