﻿<?xml version="1.0" encoding="utf-8"?>
<abapGit version="v1.0.0" serializer="LCL_OBJECT_TTYP" serializer_version="v1.0.0">
 <asx:abap xmlns:asx="http://www.sap.com/abapxml" version="1.0">
  <asx:values>
   <DD40V>
    <TYPENAME>ZTEC_T_FUNCTION_PARAMETERS</TYPENAME>
    <DDLANGUAGE>F</DDLANGUAGE>
    <ROWTYPE>ZTEC_S_FUNCTION_PARAMETERS</ROWTYPE>
    <ROWKIND>S</ROWKIND>
    <DATATYPE>STRU</DATATYPE>
    <ACCESSMODE>T</ACCESSMODE>
    <KEYDEF>D</KEYDEF>
    <KEYKIND>N</KEYKIND>
    <DDTEXT>Type de table paramètre d&apos;appel Statique</DDTEXT>
   </DD40V>
   <DD42V/>
   <DD43V/>
  </asx:values>
 </asx:abap>
</abapGit>
